r_vec,x_vec,xr_vec,e_vec,par_vec,reg_vec,par_dot_vec,u_vec,enc_u_vec
0.0,"[[0.0]
 [0.0]]","[[0.0]
 [0.0]]","[[0.0]
 [0.0]]","[[0.0]
 [0.0]]","[[0.0]
 [0.0]]","[[0.0]
 [0.0]]",[[0.0]],1452.66986771308
0.0,"[[0.0]
 [0.0]]","[[0.0]
 [0.0]]","[[0.0]
 [0.0]]","[[0.0]
 [0.0]]","[[0.0]
 [0.0]]","[[0.0]
 [0.0]]",[[0.0]],1452.68808446719
0.00025,"[[0.0]
 [0.0]]","[[0.0]
 [0.0]]","[[0.0]
 [0.0]]","[[0.0]
 [0.0]]","[[0.0062499999999999995]
 [0.0]]","[[0.0]
 [0.0]]",[[0.0]],1453.26118251096
0.0005,"[[0.0]
 [0.0]]","[[3.1249999999999997e-07]
 [6.0062499999999996e-05]]","[[-3.1249999999999997e-07]
 [-6.0062499999999996e-05]]","[[0.0]
 [0.0]]","[[0.012499999999999999]
 [0.0]]","[[0.0002635609375]
 [0.0]]",[[0.0]],1452.78568298967
0.00075,"[[0.0]
 [0.0]]","[[6.249999999999999e-07]
 [0.00012012499999999999]]","[[-6.249999999999999e-07]
 [-0.00012012499999999999]]","[[2.635609375e-06]
 [0.0]]","[[0.01875]
 [0.0]]","[[0.0007906828125000001]
 [0.0]]",[[0.0]],1453.1599421785
0.00125,"[[0.0]
 [0.0]]","[[9.374999999999999e-07]
 [0.00018018749999999998]]","[[-9.374999999999999e-07]
 [-0.00018018749999999998]]","[[7.906828125000001e-06]
 [0.0]]","[[0.03125]
 [0.0]]","[[0.004509994140625001]
 [0.0]]",[[0.0]],1453.19978100925
0.00175,"[[0.0]
 [0.0]]","[[3.9375e-06]
 [0.0005308124999999999]]","[[-3.9375e-06]
 [-0.0005308124999999999]]","[[4.509994140625e-05]
 [0.0]]","[[0.04375]
 [0.0]]","[[0.011705520312500002]
 [0.0]]",[[0.0]],1452.31472513141
0.0025,"[[0.0]
 [0.0]]","[[6.9375e-06]
 [0.0008814375]]","[[-6.9375e-06]
 [-0.0008814375]]","[[0.00011705520312500001]
 [0.0]]","[[0.0625]
 [0.0]]","[[0.029490929687500004]
 [0.0]]",[[0.0]],1451.80974040306
0.0032500000000000003,"[[0.0]
 [0.0]]","[[1.2625e-05]
 [0.0015226249999999999]]","[[-1.2625e-05]
 [-0.0015226249999999999]]","[[0.000294909296875]
 [0.0]]","[[0.08125]
 [0.0]]","[[0.05665073984375001]
 [0.0]]",[[2.0312500000000002e-05]],1453.2710328508
0.004,"[[0.0]
 [1.875e-07]]","[[1.8312499999999998e-05]
 [0.0021638125]]","[[-1.8312499999999998e-05]
 [-0.0021636249999999997]]","[[0.0008165073984375001]
 [0.0]]","[[0.09999999999999999]
 [1.875e-07]]","[[0.10036194375000002]
 [7.527140625000002e-08]]",[[7.500000000000001e-05]],1453.31011869768
0.005,"[[0.0]
 [9.374999999999999e-07]]","[[2.6374999999999997e-05]
 [0.0030355]]","[[-2.6374999999999997e-05]
 [-0.0030345625]]","[[0.0017536194375]
 [7.527140625e-10]]","[[0.125]
 [9.374999999999999e-07]]","[[0.16372685937500003]
 [4.911802148437501e-07]]",[[0.00021875]],1453.38940868953
0.006,"[[0.0]
 [3.0625e-06]]","[[3.475e-05]
 [0.003967249999999999]]","[[-3.475e-05]
 [-0.0039641875]]","[[0.0033872685937500003]
 [4.911802148437501e-09]]","[[0.15]
 [3.0625e-06]]","[[0.25764851250000004]
 [2.1041281406250005e-06]]",[[0.0005250000000000001]],1453.39292184872
0.00725,"[[6.25e-08]
 [8.187499999999999e-06]]","[[4.5499999999999995e-05]
 [0.0051294999999999995]]","[[-4.54375e-05]
 [-0.0051213125]]","[[0.006076485125]
 [2.104128140625e-08]]","[[0.18125]
 [8.187499999999999e-06]]","[[0.39975138359375006]
 [7.223089257812501e-06]]",[[0.0010875000000000001]],1453.11684310791
0.0085,"[[1.875e-07]
 [1.88125e-05]]","[[5.8937499999999996e-05]
 [0.0065823125]]","[[-5.875e-05]
 [-0.0065635]]","[[0.009997513835937501]
 [7.2230892578125e-08]]","[[0.2125]
 [1.88125e-05]]","[[0.5764161179687501]
 [2.0411898773437505e-05]]",[[0.002125]],1453.53813421322
0.00975,"[[5e-07]
 [3.95e-05]]","[[7.2375e-05]
 [0.008035124999999999]]","[[-7.1875e-05]
 [-0.007995625]]","[[0.0157641611796875]
 [2.04118987734375e-07]]","[[0.24375]
 [3.95e-05]]","[[0.8036631128906252]
 [5.209382203125001e-05]]",[[0.0038390625]],1453.23531834976
0.01125,"[[1.0625e-06]
 [7.675e-05]]","[[8.81875e-05]
 [0.0097184375]]","[[-8.712499999999999e-05]
 [-0.0096416875]]","[[0.023786631128906253]
 [5.209382203125e-07]]","[[0.28125]
 [7.675e-05]]","[[1.1128605644531253]
 [0.00012147483929687502]]",[[0.006679687500000001]],1453.19365418706
0.012750000000000001,"[[2.125e-06]
 [0.00014137499999999998]]","[[0.0001066875]
 [0.0116923125]]","[[-0.0001045625]
 [-0.011550937499999999]]","[[0.034878605644531255]
 [1.21474839296875e-06]]","[[0.31675]
 [0.00014137499999999998]]","[[1.4916055640937502]
 [0.0002662991101875]]",[[0.01108625]],1453.24614800179
0.0145,"[[4.0625e-06]
 [0.0002483125]]","[[0.0001275625]
 [0.0138966875]]","[[-0.0001235]
 [-0.013648374999999999]]","[[0.049916055640937505]
 [2.6629911018750002e-06]]","[[0.3605]
 [0.0002483125]]","[[1.9941595095625004]
 [0.0005494307172226563]]",[[0.018025000000000003]],1453.0904871146
0.01625,"[[7.4374999999999995e-06]
 [0.000421875]]","[[0.00040081249999999996]
 [0.0163315625]]","[[-0.000393375]
 [-0.0159096875]]","[[0.069941595095625]
 [5.494307172226563e-06]]","[[0.40225]
 [0.000421875]]","[[2.5550157484843754]
 [0.0010718673574218753]]",[[0.028157500000000002]],1453.37904516167
0.018000000000000002,"[[1.3e-05]
 [0.0006923125]]","[[0.0006740625]
 [0.0187664375]]","[[-0.0006610625]
 [-0.018074125]]","[[0.09555015748484376]
 [1.071867357421875e-05]]","[[0.444]
 [0.0006923125]]","[[3.2051563020000007]
 [0.001999070646761719]]",[[0.042402]],1453.49457234211
0.02,"[[2.1937499999999998e-05]
 [0.0010984375]]","[[0.0009496875]
 [0.021431812499999998]]","[[-0.00092775]
 [-0.020333375]]","[[0.12755156302]
 [1.9990706467617188e-05]]","[[0.492]
 [0.0010984375]]","[[3.994539605250001]
 [0.0035672759450195318]]",[[0.06273000000000001]],1453.52437565174
0.022,"[[3.59375e-05]
 [0.0016977499999999998]]","[[0.001228]
 [0.02438775]]","[[-0.0011920625]
 [-0.02269]]","[[0.1674453960525]
 [3.567275945019532e-05]]","[[0.5359999999999999]
 [0.0016977499999999998]]","[[4.852423309500001]
 [0.006147907898078126]]",[[0.08978]],1451.47119811266
0.024,"[[5.7187499999999994e-05]
 [0.0025529999999999997]]","[[0.0015086874999999998]
 [0.0275741875]]","[[-0.0014514999999999999]
 [-0.0250211875]]","[[0.21602423309500002]
 [6.147907898078125e-05]]","[[0.58]
 [0.0025529999999999997]]","[[5.740025353750001]
 [0.010106396910187502]]",[[0.12528]],1453.09048741172
0.02625,"[[8.86875e-05]
 [0.0037428125]]","[[0.001789375]
 [0.030760625]]","[[-0.0017006875]
 [-0.0270178125]]","[[0.27340025353749997]
 [0.000101063969101875]]","[[0.62625]
 [0.0037428125]]","[[6.702683805703126]
 [0.016023551559257814]]",[[0.171279375]],1453.47473675997
0.02875,"[[0.00013424999999999998]
 [0.0053644999999999995]]","[[0.00207275]
 [0.034237625]]","[[-0.0019385]
 [-0.028873125]]","[[0.34052683805703127]
 [0.00016023551559257813]]","[[0.6705]
 [0.0053644999999999995]]","[[7.6828974300000015]
 [0.024587547374500005]]",[[0.228306591125]],1453.51002099199
0.031,"[[0.0001986875]
 [0.007518687499999999]]","[[0.0023588125]
 [0.038005187499999996]]","[[-0.0021601249999999997]
 [-0.0304865]]","[[0.41732897430000004]
 [0.000495875473745]]","[[0.70875]
 [0.007518687499999999]]","[[8.595395525390627]
 [0.036473255034699226]]",[[0.29572969684375]],1452.83378078899
0.0335,"[[0.0002878125]
 [0.01029775]]","[[0.0026469375]
 [0.0419431875]]","[[-0.0023591249999999997]
 [-0.0316454375]]","[[0.5032039552539063]
 [0.0008647325503469923]]","[[0.74925]
 [0.01029775]]","[[9.469885713046876]
 [0.05206189959506251]]",[[0.3770677858125]],1453.4959984041
0.03625,"[[0.00040849999999999995]
 [0.013827062499999999]]","[[0.0031874374999999997]
 [0.0461116875]]","[[-0.0027789374999999997]
 [-0.032284625]]","[[0.5979488571304687]
 [0.0012706189959506252]]","[[0.78375]
 [0.013827062499999999]]","[[10.114738332187502]
 [0.0713783791957461]]",[[0.46869978382812505]],1453.48441942861
0.039,"[[0.0005686875]
 [0.0181936875]]","[[0.00372825]
 [0.050340249999999996]]","[[-0.0031595625]
 [-0.032146562499999996]]","[[0.699147383321875]
 [0.001963783791957461]]","[[0.8165]
 [0.0181936875]]","[[10.595332407343752]
 [0.09443625553988673]]",[[0.570974012375]],1452.98851636184
0.04175,"[[0.0007771875]
 [0.0234864375]]","[[0.0042714375]
 [0.054799312499999996]]","[[-0.00349425]
 [-0.031312875]]","[[0.8052033240734375]
 [0.0029443625553988674]]","[[0.837]
 [0.0234864375]]","[[10.712692378125002]
 [0.12024026266505862]]",[[0.6740647093125001]],1452.81425298072
0.04475,"[[0.0010431875]
 [0.029695062499999998]]","[[0.004817]
 [0.059488875]]","[[-0.0037738125]
 [-0.0297938125]]","[[0.91237692378125]
 [0.0042024026266505865]]","[[0.85575]
 [0.029695062499999998]]","[[10.590246089718752]
 [0.1469951268468008]]",[[0.780998079015625]],1452.91678409397
0.04775,"[[0.0013759999999999998]
 [0.036839437499999995]]","[[0.005365249999999999]
 [0.064469]]","[[-0.00398925]
 [-0.0276295625]]","[[1.0184024608971876]
 [0.005719951268468008]]","[[0.86225]
 [0.036839437499999995]]","[[10.104826578828126]
 [0.1726903776845508]]",[[0.878413451765625]],1452.99839873394
0.05075,"[[0.001784375]
 [0.0448068125]]","[[0.005915875]
 [0.069679625]]","[[-0.0041315]
 [-0.024872812499999997]]","[[1.1195482657882811]
 [0.007476903776845508]]","[[0.867]
 [0.0448068125]]","[[9.408579038812501]
 [0.19449497812999614]]",[[0.97094255109375]],1453.29628355223
0.054,"[[0.0022761875]
 [0.0535325625]]","[[0.0067185625]
 [0.0750606875]]","[[-0.004442375]
 [-0.021528125]]","[[1.213585790388125]
 [0.009444949781299962]]","[[0.8657499999999999]
 [0.0535325625]]","[[8.406666414828127]
 [0.20792592303401958]]",[[1.05109618434375]],1453.15910617666
0.05725,"[[0.002858375]
 [0.062879125]]","[[0.0075215625]
 [0.08050181249999999]]","[[-0.0046631875]
 [-0.017622687499999998]]","[[1.2975666641482813]
 [0.011579259230340196]]","[[0.8584999999999999]
 [0.062879125]]","[[7.249159244531251]
 [0.21237967980186723]]",[[1.1146268599375]],1453.5174812845
0.06075,"[[0.0035363125]
 [0.07266956249999999]]","[[0.0083269375]
 [0.08617343749999999]]","[[-0.004790625]
 [-0.013503875]]","[[1.3699915924453125]
 [0.01362379679801867]]","[[0.84925]
 [0.07266956249999999]]","[[6.0240870411562515]
 [0.20618977344086722]]",[[1.16445353909375]],1453.27824029604
0.064,"[[0.004313625]
 [0.0827595]]","[[0.009134999999999999]
 [0.092135625]]","[[-0.004821375]
 [-0.009376124999999999]]","[[1.4302408704115626]
 [0.015561897734408671]]","[[0.83175]
 [0.0827595]]","[[4.769366474343751]
 [0.1898210116544063]]",[[1.19089320975]],1453.44674579456
0.06775,"[[0.005192125]
 [0.09291137499999999]]","[[0.010194812499999999]
 [0.0982081875]]","[[-0.0050026875]
 [-0.0052968124999999994]]","[[1.4779436647434376]
 [0.017398210116544063]]","[[0.8185]
 [0.09291137499999999]]","[[3.5373900771562505]
 [0.16061685211105473]]",[[1.2113689490625001]],1453.52956704266
0.07125000000000001,"[[0.0061721875]
 [0.1030649375]]","[[0.01125525]
 [0.10440087499999999]]","[[-0.0050830625]
 [-0.0013359374999999999]]","[[1.5133739007715623]
 [0.019106168521110547]]","[[0.8009999999999999]
 [0.1030649375]]","[[2.4205074069375003]
 [0.1245781070472422]]",[[1.2140714838125002]],1453.5189616587
0.075,"[[0.007252875]
 [0.11304425]]","[[0.012317749999999999]
 [0.110764]]","[[-0.005064875]
 [0.0022802499999999997]]","[[1.5374550740693749]
 [0.020245781070472424]]","[[0.78975]
 [0.11304425]]","[[1.3834747210781253]
 [0.07921080543629688]]",[[1.2165297710625]],1453.39210664349
0.079,"[[0.008432499999999999]
 [0.12285025]]","[[0.0133805625]
 [0.1171871875]]","[[-0.0049480625]
 [0.0056630625]]","[[1.5513347472107815]
 [0.02104210805436297]]","[[0.7805]
 [0.12285025]]","[[0.4985744730312501]
 [0.03138895294207813]]",[[1.21333048025]],1453.15256459181
0.083,"[[0.009709062499999999]
 [0.1324304375]]","[[0.014695749999999999]
 [0.12384087499999999]]","[[-0.0049866875]
 [0.0085895625]]","[[1.5562357447303126]
 [0.021313889529420784]]","[[0.77125]
 [0.1324304375]]","[[-0.29593127617187504]
 [-0.020326946497531254]]",[[1.203071959296875]],1452.86818641782
0.08700000000000001,"[[0.0110799375]
 [0.14171937499999998]]","[[0.0160109375]
 [0.1304945625]]","[[-0.004931]
 [0.011224812499999999]]","[[1.5532906872382815]
 [0.02104673053502469]]","[[0.766]
 [0.14171937499999998]]","[[-0.9441212833750001]
 [-0.06987110628476564]]",[[1.192765606875]],1451.72559171114
0.091,"[[0.0125423125]
 [0.15072231249999998]]","[[0.0173285]
 [0.13737875]]","[[-0.0047861875]
 [0.0133435625]]","[[1.54380878716625]
 [0.020301288937152346]]","[[0.7565]
 [0.15072231249999998]]","[[-1.4443541970937503]
 [-0.11510884379021487]]",[[1.1708990018281251]],1453.39888763377
0.09525,"[[0.01409275]
 [0.15933049999999999]]","[[0.0186484375]
 [0.1444934375]]","[[-0.0045556875]
 [0.0148370625]]","[[1.5293064580290623]
 [0.019098911562097854]]","[[0.75725]
 [0.15933049999999999]]","[[-1.8569856697031253]
 [-0.15629079272100002]]",[[1.161051842]],1453.53981998351
0.0995,"[[0.015727875]
 [0.16767074999999998]]","[[0.020218375]
 [0.15160812499999998]]","[[-0.0044905]
 [0.016062625]]","[[1.5106801433029688]
 [0.01743709207279]]","[[0.7517499999999999]
 [0.16767074999999998]]","[[-2.1716646089375002]
 [-0.19374979736043754]]",[[1.1386405506250001]],1452.91504006755
0.10400000000000001,"[[0.017444499999999998]
 [0.1756239375]]","[[0.0217883125]
 [0.1587228125]]","[[-0.0043438125]
 [0.016901125]]","[[1.489033353910625]
 [0.015562502026395626]]","[[0.7585]
 [0.1756239375]]","[[-2.3640847409375003]
 [-0.21895540109295708]]",[[1.1321286710312501]],1453.16816388814
0.1085,"[[0.0192395]
 [0.1833551875]]","[[0.023360937499999998]
 [0.16612806249999998]]","[[-0.0041214375]
 [0.017227125]]","[[1.465359152590625]
 [0.013310445989070429]]","[[0.76525]
 [0.1833551875]]","[[-2.4279075271250004]
 [-0.2326947620505391]]",[[1.123712018734375]],1452.73889528944
0.113,"[[0.021110624999999997]
 [0.19085]]","[[0.024935937499999998]
 [0.1737638125]]","[[-0.0038253124999999997]
 [0.0170861875]]","[[1.4409709247287499]
 [0.010923052379494608]]","[[0.7739999999999999]
 [0.19085]]","[[-2.4375031492500003]
 [-0.24041483045937503]]",[[1.11743335]],1452.85696539876
0.11775000000000001,"[[0.023055687499999998]
 [0.19813424999999998]]","[[0.026760625]
 [0.1813395]]","[[-0.0037049375]
 [0.01679475]]","[[1.4166249685075]
 [0.008595851695406248]]","[[0.78275]
 [0.19813424999999998]]","[[-2.3947264661562504]
 [-0.24246977283464066]]",[[1.110449516125]],1452.56317969322
0.1225,"[[0.025072499999999998]
 [0.205205125]]","[[0.028585625]
 [0.18897524999999998]]","[[-0.0035131249999999998]
 [0.016229874999999998]]","[[1.3925527353384377]
 [0.006075302271653594]]","[[0.7955]
 [0.205205125]]","[[-2.2272432865000003]
 [-0.22981672229988284]]",[[1.1089649807500002]],1452.93826128645
0.12725,"[[0.02715925]
 [0.21212124999999998]]","[[0.030413]
 [0.1968415]]","[[-0.0032537499999999997]
 [0.01527975]]","[[1.3702275671350002]
 [0.003701832777001172]]","[[0.8039999999999999]
 [0.21212124999999998]]","[[-2.0010570075000005]
 [-0.21118085021085942]]",[[1.1024764546875]],1450.86243623916
0.13225,"[[0.029314125]
 [0.2188361875]]","[[0.0324900625]
 [0.20464768749999998]]","[[-0.0031759375]
 [0.0141885]]","[[1.3502394299249998]
 [0.0016381914978914065]]","[[0.825]
 [0.2188361875]]","[[-1.6773942796875003]
 [-0.17797918407125393]]",[[1.1143392133281251]],1453.4605466089
0.13725,"[[0.031536125]
 [0.225535625]]","[[0.0345698125]
 [0.2127444375]]","[[-0.0030336875]
 [0.012791187499999999]]","[[1.3334760572031248]
 [-2.9791840712539065e-05]]","[[0.83975]
 [0.225535625]]","[[-1.3081457025156253]
 [-0.14053784485453127]]",[[1.119806625]],1453.45905919818
0.14225000000000002,"[[0.0338246875]
 [0.2321565625]]","[[0.036649562499999996]
 [0.22084118749999998]]","[[-0.0028248749999999997]
 [0.011315374999999999]]","[[1.3204185429748438]
 [-0.0014053784485453125]]","[[0.8544999999999999]
 [0.2321565625]]","[[-0.9035401288437501]
 [-0.09819620437666017]]",[[1.1280190151562501]],1453.51094161676
0.1475,"[[0.0361791875]
 [0.23872768749999998]]","[[0.038979]
 [0.22887787499999998]]","[[-0.0027998125]
 [0.0098498125]]","[[1.3114645987115625]
 [-0.0024819620437666018]]","[[0.87125]
 [0.23872768749999998]]","[[-0.40525464078125006]
 [-0.04442129921300392]]",[[1.1420475557812502]],1453.5023589273
0.15275,"[[0.038599499999999995]
 [0.2453075625]]","[[0.041311125]
 [0.237205125]]","[[-0.002711625]
 [0.0081024375]]","[[1.3074474535921876]
 [-0.0029442129921300395]]","[[0.89425]
 [0.2453075625]]","[[0.12383758439062502]
 [0.013583553643816408]]",[[1.1684959523125]],1453.09654769215
0.158,"[[0.04108625]
 [0.2520190625]]","[[0.04364325]
 [0.245532375]]","[[-0.002557]
 [0.006486687499999999]]","[[1.3087383758439064]
 [-0.0028641644635618363]]","[[0.9089999999999999]
 [0.2520190625]]","[[0.6303237226875001]
 [0.06989754998914063]]",[[1.188960697578125]],1453.39952705897
0.1635,"[[0.0436404375]
 [0.25880025]]","[[0.0462250625]
 [0.25379956249999996]]","[[-0.0025846249999999997]
 [0.0050006875]]","[[1.315053237226875]
 [-0.002051024500108593]]","[[0.92375]
 [0.25880025]]","[[1.1242857905468753]
 [0.1259878275287344]]",[[1.2142136495]],1453.47821534244
0.169,"[[0.0462630625]
 [0.2656971875]]","[[0.048807187499999995]
 [0.2621268125]]","[[-0.002544125]
 [0.0035703749999999998]]","[[1.3262428579054686]
 [-0.0007401217247126563]]","[[0.94275]
 [0.2656971875]]","[[1.6926324996093753]
 [0.19080958829333988]]",[[1.250122914609375]],1453.25322832588
0.17475000000000002,"[[0.04895575]
 [0.2728130625]]","[[0.0513916875]
 [0.2706845625]]","[[-0.0024359374999999997]
 [0.0021284999999999997]]","[[1.3431763249960935]
 [0.0011580958829333985]]","[[0.96175]
 [0.2728130625]]","[[2.2063051120937502]
 [0.25033301038775396]]",[[1.2922117038281251]],1452.9505407448
0.18025,"[[0.051720937499999994]
 [0.28020475]]","[[0.054226187499999995]
 [0.2792423125]]","[[-0.00250525]
 [0.0009624375]]","[[1.3653130511209377]
 [0.0037533301038775394]]","[[0.9704999999999999]
 [0.28020475]]","[[2.6297983634062505]
 [0.30370594268962503]]",[[1.3260258928125002]],1453.32053880909
0.186,"[[0.054561]
 [0.287784875]]","[[0.057060374999999997]
 [0.28774]]","[[-0.002499375]
 [4.4875e-05]]","[[1.3915479836340625]
 [0.006787059426896251]]","[[0.9854999999999999]
 [0.287784875]]","[[2.9867566362187508]
 [0.3488693191456485]]",[[1.3732657979062501]],1453.38253449536
0.192,"[[0.057478499999999995]
 [0.295682625]]","[[0.059894875]
 [0.29629774999999997]]","[[-0.0024163749999999997]
 [-0.000615125]]","[[1.4213675663621874]
 [0.010238693191456484]]","[[0.9964999999999999]
 [0.295682625]]","[[3.246315675593751]
 [0.38529308838037507]]",[[1.4193063719062502]],1453.4399158291
0.198,"[[0.0604764375]
 [0.3038798125]]","[[0.06297937499999999]
 [0.3048555]]","[[-0.0025029375]
 [-0.0009756875]]","[[1.4537131567559376]
 [0.01410293088380375]]","[[1.0055]
 [0.3038798125]]","[[3.4113343982812507]
 [0.41237859914655084]]",[[1.465999942375]],1452.83658653108
0.20400000000000001,"[[0.063557875]
 [0.3123769375]]","[[0.066063875]
 [0.31341325]]","[[-0.002506]
 [-0.0010363125]]","[[1.4878633439828126]
 [0.01812378599146551]]","[[1.0125]
 [0.3123769375]]","[[3.5387678671875005]
 [0.43670489145730085]]",[[1.511969659875]],1453.20056967682
0.21,"[[0.06672568749999999]
 [0.32116093749999997]]","[[0.06915075]
 [0.3222015]]","[[-0.0024250624999999997]
 [-0.0010405625]]","[[1.523137678671875]
 [0.022367048914573008]]","[[1.01125]
 [0.32116093749999997]]","[[3.5316258544531256]
 [0.4486324434617188]]",[[1.5475323933593752]],1453.50174064014
0.21625,"[[0.06998225]
 [0.33012312499999996]]","[[0.0724873125]
 [0.33092968749999996]]","[[-0.0025050625]
 [-0.0008065625]]","[[1.558566258544531]
 [0.026736324434617185]]","[[1.0162499999999999]
 [0.33012312499999996]]","[[3.4737071960156256]
 [0.45135679864796885]]",[[1.5926564185937502]],1453.49689520393
0.2225,"[[0.0733298125]
 [0.33935462499999997]]","[[0.0758241875]
 [0.3397179375]]","[[-0.002494375]
 [-0.0003633125]]","[[1.5932370719601563]
 [0.03126356798647969]]","[[1.01725]
 [0.33935462499999997]]","[[3.3176995856875005]
 [0.4427044397538282]]",[[1.63133839453125]],1453.51182536371
0.22875,"[[0.07677068749999999]
 [0.3487863125]]","[[0.07916106249999999]
 [0.3485061875]]","[[-0.0023903749999999997]
 [0.000280125]]","[[1.6264269958568751]
 [0.035677044397538285]]","[[1.01]
 [0.3487863125]]","[[3.0595439518750007]
 [0.4226146088395001]]",[[1.655234110671875]],1453.22234382327
0.23525000000000001,"[[0.08030612499999999]
 [0.3582678125]]","[[0.08274762499999999]
 [0.357234375]]","[[-0.0024415]
 [0.0010334374999999999]]","[[1.65709543951875]
 [0.039976146088395004]]","[[1.009]
 [0.3582678125]]","[[2.7949692879375005]
 [0.3969558100675782]]",[[1.6862437125]],1452.856113814
0.24175,"[[0.0839369375]
 [0.3678685625]]","[[0.0863345]
 [0.366022625]]","[[-0.0023975625]
 [0.0018459375]]","[[1.6849496928793752]
 [0.043969558100675786]]","[[1.00175]
 [0.3678685625]]","[[2.4847959214687503]
 [0.3649815300215001]]",[[1.70413496675]],1453.55166228647
0.24825,"[[0.08766375]
 [0.3774563125]]","[[0.089921375]
 [0.374810875]]","[[-0.002257625]
 [0.0026454375]]","[[1.7098479592146876]
 [0.047649815300215]]","[[0.9924999999999999]
 [0.3774563125]]","[[2.1734815809375005]
 [0.3306258739925938]]",[[1.7149504139218752]],1453.53771612617
0.25475000000000003,"[[0.091486]
 [0.3869613125]]","[[0.0937579375]
 [0.38353906249999997]]","[[-0.0022719375]
 [0.00342225]]","[[1.7314848158093752]
 [0.05105625873992594]]","[[0.98525]
 [0.3869613125]]","[[1.8904420333750003]
 [0.296979578103879]]",[[1.7256954019375002]],1453.13483666314
0.2615,"[[0.095402875]
 [0.3963845]]","[[0.0975945]
 [0.39226724999999996]]","[[-0.002191625]
 [0.004117249999999999]]","[[1.75040442033375]
 [0.05396979578103879]]","[[0.978]
 [0.3963845]]","[[1.6300451917500003]
 [0.2642508417564063]]",[[1.733393763]],1453.12282938185
0.26825,"[[0.0994134375]
 [0.40569731249999996]]","[[0.10143137499999999]
 [0.4010555]]","[[-0.0020179374999999998]
 [0.0046418125]]","[[1.7668004519174998]
 [0.05664250841756406]]","[[0.97275]
 [0.40569731249999996]]","[[1.4291353606875004]
 [0.23840194023093755]]",[[1.7416293849843751]],1453.43420882259
0.27525,"[[0.103516625]
 [0.41490725]]","[[0.10551793749999999]
 [0.4097836875]]","[[-0.0020013125]
 [0.0051235625]]","[[1.7810413536068752]
 [0.059134019402309376]]","[[0.97375]
 [0.41490725]]","[[1.2642645392187501]
 [0.21546322793932818]]",[[1.7588320045625]],1453.36619048641
0.28200000000000003,"[[0.10771181249999999]
 [0.42410512499999997]]","[[0.1096048125]
 [0.4185719375]]","[[-0.001893]
 [0.0055331875]]","[[1.7936426453921877]
 [0.06140463227939329]]","[[0.9642499999999999]
 [0.42410512499999997]]","[[1.1026567575625001]
 [0.19397746713820316]]",[[1.7557059026875002]],1453.12174254532
0.289,"[[0.11199793749999999]
 [0.43308993749999997]]","[[0.113691375]
 [0.427300125]]","[[-0.0016934374999999998]
 [0.0057898125]]","[[1.8047765675756249]
 [0.06343977467138202]]","[[0.961]
 [0.43308993749999997]]","[[0.9968997166250002]
 [0.1796921279026758]]",[[1.7618659610312501]],1453.3431098493
0.29625,"[[0.11637331249999999]
 [0.4419578125]]","[[0.1180279375]
 [0.43602831249999996]]","[[-0.0016546249999999998]
 [0.0059295]]","[[1.81471899716625]
 [0.06529692127902675]]","[[0.964]
 [0.4419578125]]","[[0.9488037450000002]
 [0.17398033904257815]]",[[1.7782567472656252]],1452.50457144993
0.30325,"[[0.12083731249999999]
 [0.450812375]]","[[0.12236481249999999]
 [0.44481656249999996]]","[[-0.0015275]
 [0.005995812499999999]]","[[1.8242380374500002]
 [0.06698980339042579]]","[[0.9564999999999999]
 [0.450812375]]","[[0.9066919961562502]
 [0.17091815810438285]]",[[1.775099554125]],1452.69735572568
0.3105,"[[0.1253888125]
 [0.459460375]]","[[0.126701375]
 [0.45354475]]","[[-0.0013125625]
 [0.005915625]]","[[1.8333169199615624]
 [0.06870918158104383]]","[[0.949]
 [0.459460375]]","[[0.9094275896875001]
 [0.17610314989721096]]",[[1.7713421507812501]],1453.43148497375
0.31775000000000003,"[[0.13002575]
 [0.4678999375]]","[[0.1312879375]
 [0.4622729375]]","[[-0.0012621874999999999]
 [0.005627]]","[[1.842344275896875]
 [0.07051103149897212]]","[[0.94975]
 [0.4678999375]]","[[1.0012418240781251]
 [0.19728898511576176]]",[[1.78266388309375]],1453.2839198638
0.325,"[[0.1347468125]
 [0.4762844375]]","[[0.13587449999999998]
 [0.47100112499999996]]","[[-0.0011276875]
 [0.0052833125]]","[[1.8522624182407812]
 [0.07247288985115763]]","[[0.9462499999999999]
 [0.4762844375]]","[[1.098527706015625]
 [0.22115389705880864]]",[[1.7872221842187501]],1453.51064423766
0.3325,"[[0.139551125]
 [0.4845480625]]","[[0.14046106249999998]
 [0.4797293125]]","[[-0.0009099374999999999]
 [0.00481875]]","[[1.8632352770601561]
 [0.07471153897058806]]","[[0.949]
 [0.4845480625]]","[[1.2392080553125002]
 [0.253070428336086]]",[[1.8044442176718751]],1453.42452003935
0.34,"[[0.144438125]
 [0.4928185625]]","[[0.14529762499999999]
 [0.4884575]]","[[-0.0008594999999999999]
 [0.0043610624999999995]]","[[1.875642080553125]
 [0.07728070428336085]]","[[0.9455]
 [0.4928185625]]","[[1.3813714816250002]
 [0.2879820999314532]]",[[1.811591858953125]],1453.0441403754
0.34750000000000003,"[[0.1494073125]
 [0.5009960625]]","[[0.1501341875]
 [0.4971856875]]","[[-0.000726875]
 [0.003810375]]","[[1.88956371481625]
 [0.08012982099931454]]","[[0.942]
 [0.5009960625]]","[[1.5492680126250002]
 [0.3295659500155899]]",[[1.8201139340156252]],1451.90718777031
0.35525,"[[0.1544579375]
 [0.509096]]","[[0.1552204375]
 [0.5058538124999999]]","[[-0.0007624999999999999]
 [0.0032421875]]","[[1.90499268012625]
 [0.08354565950015591]]","[[0.94675]
 [0.509096]]","[[1.6721831045937503]
 [0.3596515692070001]]",[[1.846068266]],1451.7859396862
0.36275,"[[0.15958999999999998]
 [0.5172924999999999]]","[[0.160304625]
 [0.5143515]]","[[-0.000714625]
 [0.002941]]","[[1.9217218310459376]
 [0.08709651569207001]]","[[0.9432499999999999]
 [0.5172924999999999]]","[[1.7608591000000002]
 [0.38625018570703135]]",[[1.8576951350000002]],1452.7351669325
0.3705,"[[0.16480381249999998]
 [0.5254418125]]","[[0.1653885]
 [0.522789125]]","[[-0.0005846874999999999]
 [0.0026526874999999997]]","[[1.9393585910000002]
 [0.09086250185707032]]","[[0.93975]
 [0.5254418125]]","[[1.8407325519843754]
 [0.4116597853313946]]",[[1.870094031984375]],1452.57653715889
0.3785,"[[0.1700989375]
 [0.5335525624999999]]","[[0.17072237499999998]
 [0.53122675]]","[[-0.0006234375]
 [0.0023258124999999998]]","[[1.957657325519844]
 [0.09486659785331394]]","[[0.9445]
 [0.5335525624999999]]","[[1.9618253183125003]
 [0.44327373487917193]]",[[1.899648980296875]],1452.55248057305
0.38625,"[[0.1754758125]
 [0.5417953125]]","[[0.17605656249999999]
 [0.5397244375]]","[[-0.00058075]
 [0.002070875]]","[[1.9773682531831251]
 [0.09918273734879172]]","[[0.93475]
 [0.5417953125]]","[[2.0209098118281252]
 [0.4685151599920899]]",[[1.902007622265625]],1453.33414473925
0.39425,"[[0.1809344375]
 [0.5498981875]]","[[0.1813904375]
 [0.5481620625]]","[[-0.00045599999999999997]
 [0.0017361249999999998]]","[[1.9974590981182812]
 [0.10393515159992091]]","[[0.9312499999999999]
 [0.5498981875]]","[[2.1146179527343754]
 [0.4994425886236681]]",[[1.9173612865]],1453.43569332357
0.40225,"[[0.186474]
 [0.557992625]]","[[0.1869743125]
 [0.5565996875]]","[[-0.0005003125]
 [0.0013929374999999999]]","[[2.018646179527344]
 [0.1089944258862367]]","[[0.92975]
 [0.557992625]]","[[2.1517035151718753]
 [0.5165143478442423]]",[[1.937754008625]],1453.43468063923
0.41025,"[[0.19209474999999998]
 [0.5661286875]]","[[0.19255581249999998]
 [0.5648068125]]","[[-0.0004610625]
 [0.001321875]]","[[2.0402670351517185]
 [0.11416514347844242]]","[[0.9262499999999999]
 [0.5661286875]]","[[2.1628371679687506]
 [0.528747422562633]]",[[1.9544617650468752]],1453.35158831571
0.41825,"[[0.19779687499999998]
 [0.5742690625]]","[[0.1981373125]
 [0.5730139375]]","[[-0.0003404375]
 [0.001255125]]","[[2.0618783716796876]
 [0.11953747422562634]]","[[0.9185]
 [0.5742690625]]","[[2.1586954400000002]
 [0.5398398017204884]]",[[1.96257215296875]],1453.43320746898
0.4265,"[[0.20357999999999998]
 [0.5823285625]]","[[0.2039685]
 [0.5811609999999999]]","[[-0.00038849999999999996]
 [0.0011675625]]","[[2.0835869544]
 [0.12489839801720488]]","[[0.9169999999999999]
 [0.5823285625]]","[[2.1876130241875003]
 [0.5556566404937696]]",[[1.9833605703125001]],1453.33274321791
0.43475,"[[0.20944393749999998]
 [0.5904342499999999]]","[[0.2098]
 [0.589368125]]","[[-0.0003560625]
 [0.001066125]]","[[2.1053761302418748]
 [0.1305565664049377]]","[[0.90725]
 [0.5904342499999999]]","[[2.119914371875]
 [0.551822322493422]]",[[1.9872665446250002]],1452.59610105184
0.443,"[[0.21538831249999998]
 [0.598418125]]","[[0.21562912499999998]
 [0.59734475]]","[[-0.00024081249999999998]
 [0.001073375]]","[[2.12669914371875]
 [0.13601822322493423]]","[[0.8995]
 [0.598418125]]","[[2.0926277203125005]
 [0.5568413053135157]]",[[1.9943964900000002]],1453.50567165369
0.45125,"[[0.221412125]
 [0.6063145]]","[[0.22170793749999998]
 [0.6052613124999999]]","[[-0.00029581249999999996]
 [0.0010531874999999999]]","[[2.147676277203125]
 [0.14156841305313517]]","[[0.8937499999999999]
 [0.6063145]]","[[2.0903823789062503]
 [0.5672092231667814]]",[[2.00534506425]],1452.87491588054
0.45975,"[[0.227514625]
 [0.6141629375]]","[[0.22778674999999998]
 [0.613177875]]","[[-0.000272125]
 [0.0009850625]]","[[2.1686538237890622]
 [0.14717209223166783]]","[[0.89225]
 [0.6141629375]]","[[2.1058953091718755]
 [0.5797881227325743]]",[[2.025502680046875]],1453.37602001538
0.46825,"[[0.233695875]
 [0.6220555]]","[[0.233865875]
 [0.6211544999999999]]","[[-0.00016999999999999999]
 [0.000901]]","[[2.189808953091719]
 [0.15304788122732574]]","[[0.8865]
 [0.6220555]]","[[2.1091343712187505]
 [0.5919567225770002]]",[[2.0363878665]],1452.43393564018
0.47675,"[[0.23995575]
 [0.6298995625]]","[[0.239945]
 [0.629131125]]","[[1.0749999999999999e-05]
 [0.0007684374999999999]]","[[2.210841343712188]
 [0.15891956722577003]]","[[0.8787499999999999]
 [0.6298995625]]","[[2.1189930900781255]
 [0.6075342698964298]]",[[2.0428505929375]],1453.11477509834
0.48525,"[[0.246293625]
 [0.6376523125]]","[[0.2462738125]
 [0.6370476875]]","[[1.98125e-05]
 [0.000604625]]","[[2.231939930900781]
 [0.16507534269896432]]","[[0.873]
 [0.6376523125]]","[[2.0835565261875004]
 [0.6087088755029298]]",[[2.0537486315625]],1453.20992309792
0.49375,"[[0.2527088125]
 [0.6453594375]]","[[0.25260024999999997]
 [0.64473375]]","[[0.00010856249999999999]
 [0.0006256874999999999]]","[[2.2528355652618752]
 [0.17108708875502932]]","[[0.863]
 [0.6453594375]]","[[2.0454239699375005]
 [0.6117983669870743]]",[[2.0544797138125]],1453.22146545502
0.5025000000000001,"[[0.2592003125]
 [0.6529211874999999]]","[[0.2589266875]
 [0.6524198124999999]]","[[0.000273625]
 [0.000501375]]","[[2.2732042396993752]
 [0.17711798366987078]]","[[0.85725]
 [0.6529211874999999]]","[[2.0582871465937504]
 [0.6270371880184923]]",[[2.0643106126875]],1453.39785127582
0.51125,"[[0.2657671875]
 [0.6604304999999999]]","[[0.265503125]
 [0.660105875]]","[[0.0002640625]
 [0.000324625]]","[[2.2938328714659377]
 [0.18327037188018488]]","[[0.8534999999999999]
 [0.6604304999999999]]","[[2.033656000875]
 [0.6294114002760001]]",[[2.078739514125]],1453.47366789731
0.52,"[[0.272409125]
 [0.6679339999999999]]","[[0.2720771875]
 [0.6675614375]]","[[0.0003319375]
 [0.0003725625]]","[[2.31408656000875]
 [0.18954411400275997]]","[[0.8434999999999999]
 [0.6679339999999999]]","[[1.9897259819062503]
 [0.6301944766237502]]",[[2.078432493]],1453.27746694159
0.52875,"[[0.279125375]
 [0.6752858749999999]]","[[0.27865124999999996]
 [0.675017]]","[[0.000474125]
 [0.00026887499999999996]]","[[2.3338972598190626]
 [0.19580194476623752]]","[[0.8354999999999999]
 [0.6752858749999999]]","[[1.9925689632187504]
 [0.6441505113667423]]",[[2.08224421003125]],1452.56627040901
0.5375,"[[0.28591456249999997]
 [0.6825299375]]","[[0.285475]
 [0.6824125]]","[[0.00043956249999999996]
 [0.00011743749999999999]]","[[2.3539256896321876]
 [0.20219150511366746]]","[[0.8275]
 [0.6825299375]]","[[2.0201876453125003]
 [0.6664667233953009]]",[[2.085976679859375]],1453.08606893269
0.5465,"[[0.2927756875]
 [0.6896675]]","[[0.29229875]
 [0.689808]]","[[0.0004769375]
 [-0.0001405]]","[[2.374201876453125]
 [0.20891466723395302]]","[[0.82575]
 [0.6896675]]","[[2.0204085605625]
 [0.6749368487632814]]",[[2.104677445]],1453.32641531073
0.55525,"[[0.29970837499999997]
 [0.6968488749999999]]","[[0.2991204375]
 [0.6970330625]]","[[0.0005879375]
 [-0.0001841875]]","[[2.3944540856056253]
 [0.2157493684876328]]","[[0.8135]
 [0.6968488749999999]]","[[1.9936337728125004]
 [0.6830600214389924]]",[[2.0982708947812503]],1452.62084683012
0.56425,"[[0.30671187499999997]
 [0.703824625]]","[[0.30594181249999997]
 [0.7041980624999999]]","[[0.0007700624999999999]
 [-0.00037343749999999996]]","[[2.414436337728125]
 [0.22258060021438988]]","[[0.8075]
 [0.703824625]]","[[2.0208991107812504]
 [0.7045295933400157]]",[[2.1063097290625]],1452.53295233376
0.57325,"[[0.3137848125]
 [0.7107418125]]","[[0.3130131875]
 [0.7113630624999999]]","[[0.000771625]
 [-0.00062125]]","[[2.4347089911078124]
 [0.22954529593340017]]","[[0.8015]
 [0.7107418125]]","[[2.01029259440625]
 [0.7130172079913556]]",[[2.11456737096875]],1453.4409364008
0.5825,"[[0.32092662499999997]
 [0.7176038124999999]]","[[0.3200821875]
 [0.7182975625]]","[[0.0008444374999999999]
 [-0.0006937499999999999]]","[[2.4548529259440626]
 [0.23663017207991358]]","[[0.7975]
 [0.7176038124999999]]","[[2.0145475040625005]
 [0.7250430766734728]]",[[2.1275558276093753]],1453.11074285394
0.5915,"[[0.32813706249999997]
 [0.7244585]]","[[0.3271515]
 [0.725292125]]","[[0.0009855625]
 [-0.000833625]]","[[2.474895475040625]
 [0.24400043076673475]]","[[0.78525]
 [0.7244585]]","[[2.0140590142968753]
 [0.7432074859800001]]",[[2.1202616240000003]],1452.7445580288
0.60075,"[[0.33541499999999996]
 [0.7311052499999999]]","[[0.33447018749999996]
 [0.7321665625]]","[[0.0009448124999999999]
 [-0.0010613125]]","[[2.4951405901429693]
 [0.2514320748598]]","[[0.78325]
 [0.7311052499999999]]","[[2.0745731762031254]
 [0.7745350951657501]]",[[2.138277532875]],1453.52083422875
0.60975,"[[0.342759625]
 [0.73779875]]","[[0.3417891875]
 [0.7391010625]]","[[0.0009704375]
 [-0.0013023124999999999]]","[[2.515995731762031]
 [0.2592453509516575]]","[[0.773]
 [0.73779875]]","[[2.0479601112500005]
 [0.7818302105006252]]",[[2.1361423259375]],1453.27768634783
0.619,"[[0.3501704375]
 [0.7443385625]]","[[0.34910549999999996]
 [0.745745]]","[[0.0010649375]
 [-0.0014064375]]","[[2.5364796011125]
 [0.26706830210500626]]","[[0.7647499999999999]
 [0.7443385625]]","[[2.0466130523125003]
 [0.7967448355006564]]",[[2.1385267711875002]],1453.45144971188
0.62825,"[[0.357646125]
 [0.7507725]]","[[0.356422125]
 [0.7524489999999999]]","[[0.001224]
 [-0.0016764999999999998]]","[[2.5569661305231253]
 [0.2749674483550066]]","[[0.7565]
 [0.7507725]]","[[2.0870591975937502]
 [0.8284516928685939]]",[[2.1408329375]],1453.12386626346
0.63775,"[[0.36518562499999996]
 [0.7571018749999999]]","[[0.3639884375]
 [0.7590929375]]","[[0.0011971875]
 [-0.0019910624999999998]]","[[2.577870591975937]
 [0.28328451692868595]]","[[0.7565]
 [0.7571018749999999]]","[[2.1111175051562503]
 [0.8450663241732814]]",[[2.16451698109375]],1453.20930682695
0.647,"[[0.3727889375]
 [0.7635404375]]","[[0.3715526875]
 [0.7655664375]]","[[0.00123625]
 [-0.002026]]","[[2.598861175051563]
 [0.2917006632417328]]","[[0.74825]
 [0.7635404375]]","[[2.0941999955468753]
 [0.8547443406125509]]",[[2.167277610140625]],1452.56462866965
0.65625,"[[0.380456125]
 [0.7698788125]]","[[0.379116625]
 [0.771979875]]","[[0.0013395]
 [-0.0021010625]]","[[2.619691999955468]
 [0.3002974434061255]]","[[0.73375]
 [0.7698788125]]","[[2.0651649186718752]
 [0.8666856840201876]]",[[2.153397675953125]],1453.19078728079
0.6657500000000001,"[[0.388185375]
 [0.77595425]]","[[0.3866805625]
 [0.7783933125]]","[[0.0015048124999999999]
 [-0.0024390625]]","[[2.6404016491867193]
 [0.3089168568402019]]","[[0.7294999999999999]
 [0.77595425]]","[[2.1304169820312504]
 [0.9063767373342814]]",[[2.16601461325]],1453.50379493278
0.67525,"[[0.39597543749999997]
 [0.7820343125]]","[[0.39449449999999997]
 [0.78480675]]","[[0.0014809374999999998]
 [-0.0027724374999999997]]","[[2.661804169820312]
 [0.31806376737334285]]","[[0.72525]
 [0.7820343125]]","[[2.14564559775]
 [0.9253998730504611]]",[[2.179121098875]],1453.49546633865
0.68475,"[[0.4038263125]
 [0.78812375]]","[[0.4023060625]
 [0.7909896875]]","[[0.00152025]
 [-0.0028659375]]","[[2.6832064559775004]
 [0.32725399873050465]]","[[0.721]
 [0.78812375]]","[[2.1537451088125006]
 [0.9416440992832033]]",[[2.1925367471875004]],1453.17853730596
0.69425,"[[0.41173818749999996]
 [0.7942254375]]","[[0.410117625]
 [0.797172625]]","[[0.0016205624999999998]
 [-0.0029471874999999997]]","[[2.704787451088125]
 [0.33666644099283205]]","[[0.7085]
 [0.7942254375]]","[[2.12931735371875]
 [0.9547233577745275]]",[[2.183770791078125]],1452.13394588054
0.70375,"[[0.41970999999999997]
 [0.8001195]]","[[0.41792918749999997]
 [0.8033555625]]","[[0.0017808124999999998]
 [-0.0032360625]]","[[2.7260431735371875]
 [0.3462972335777452]]","[[0.7]
 [0.8001195]]","[[2.1094150875000004]
 [0.9643881839699064]]",[[2.185241376875]],1453.12661186153
0.71325,"[[0.42774025]
 [0.8059114374999999]]","[[0.4259880625]
 [0.8092479375]]","[[0.0017521874999999998]
 [-0.0033365]]","[[2.747094150875]
 [0.3558938818396991]]","[[0.6895]
 [0.8059114374999999]]","[[2.1039684402187504]
 [0.9836154635328634]]",[[2.1809609717500003]],1453.12276611988
0.723,"[[0.435827625]
 [0.8115463125]]","[[0.4340469375]
 [0.8151403125]]","[[0.0017806875]
 [-0.003594]]","[[2.7680396844021873]
 [0.3658361546353286]]","[[0.6892499999999999]
 [0.8115463125]]","[[2.1633693078750005]
 [1.0188277182370549]]",[[2.204667063796875]],1453.25256493204
0.7325,"[[0.443972]
 [0.8173043124999999]]","[[0.44210612499999996]
 [0.8210927499999999]]","[[0.001865875]
 [-0.0037884374999999997]]","[[2.78963369307875]
 [0.3759382771823706]]","[[0.6745]
 [0.8173043124999999]]","[[2.1024883342500003]
 [1.01898671766318]]",[[2.1889927965]],1453.14398107511
0.74225,"[[0.4521725625]
 [0.8227930625]]","[[0.450162625]
 [0.826754625]]","[[0.0020099375]
 [-0.0039615625]]","[[2.8107748833425004]
 [0.38618986717663184]]","[[0.6679999999999999]
 [0.8227930625]]","[[2.1157445012500005]
 [1.0423429979076213]]",[[2.195384820390625]],1453.44851123544
0.75175,"[[0.4604278125]
 [0.8282364375]]","[[0.458469125]
 [0.8324165]]","[[0.0019586875]
 [-0.0041800625]]","[[2.8319074450125004]
 [0.3966734299790762]]","[[0.65525]
 [0.8282364375]]","[[2.1288832105156255]
 [1.0762986858328714]]",[[2.1842708065781253]],1452.94875694016
0.7615000000000001,"[[0.468736375]
 [0.8334619999999999]]","[[0.4667753125]
 [0.8380183124999999]]","[[0.0019610624999999997]
 [-0.0045563125]]","[[2.8532888321051564]
 [0.40751298685832865]]","[[0.6507499999999999]
 [0.8334619999999999]]","[[2.1471357152187505]
 [1.0999297508526251]]",[[2.1963882025]],1452.97829831395
0.77125,"[[0.4770973125]
 [0.8387040625]]","[[0.4750794375]
 [0.8434496874999999]]","[[0.0020178749999999997]
 [-0.004745625]]","[[2.874721357152188]
 [0.41849929750852627]]","[[0.64625]
 [0.8387040625]]","[[2.1714046045312503]
 [1.1271533652731642]]",[[2.2088048376562504]],1452.69638036324
0.781,"[[0.48551075]
 [0.84396525]]","[[0.4833835625]
 [0.8488810625]]","[[0.0021271874999999997]
 [-0.0049158125]]","[[2.896464046045313]
 [0.4297715336527316]]","[[0.6355]
 [0.84396525]]","[[2.1687597287500004]
 [1.152005814528]]",[[2.2034198161875]],1453.41261442279
0.7907500000000001,"[[0.49397599999999997]
 [0.8490689375]]","[[0.49193737499999995]
 [0.854252375]]","[[0.002038625]
 [-0.0051834375]]","[[2.9181875972875004]
 [0.44127005814528003]]","[[0.6267499999999999]
 [0.8490689375]]","[[2.1524418842500004]
 [1.166310491561961]]",[[2.203664856171875]],1453.0152516324
0.8005,"[[0.5024918125]
 [0.854074]]","[[0.5004888125]
 [0.8593931874999999]]","[[0.002003]
 [-0.0053191875]]","[[2.9397744188425]
 [0.45291310491561965]]","[[0.618]
 [0.854074]]","[[2.1539682003750005]
 [1.1906403824298752]]",[[2.2036610220000004]],1453.44183454471
0.81025,"[[0.5110571875]
 [0.8589799375]]","[[0.50904025]
 [0.8645339999999999]]","[[0.0020169375]
 [-0.0055540625]]","[[2.96128968200375]
 [0.46490640382429876]]","[[0.60925]
 [0.8589799375]]","[[2.1233407363750003]
 [1.1974054702934143]]",[[2.2035672334375]],1452.58224875215
0.82025,"[[0.519671125]
 [0.86378775]]","[[0.5175893125]
 [0.8694443125]]","[[0.0020818125]
 [-0.0056565625]]","[[2.98248340736375]
 [0.47697405470293414]]","[[0.6024999999999999]
 [0.86378775]]","[[2.1174472004687503]
 [1.2142178562842345]]",[[2.20898300675]],1453.52415258294
0.8300000000000001,"[[0.5283329375]
 [0.8685539999999999]]","[[0.5261386874999999]
 [0.8744146875]]","[[0.00219425]
 [-0.0058606875]]","[[3.003674472004687]
 [0.4891421785628424]]","[[0.59575]
 [0.8685539999999999]]","[[2.1320188655000005]
 [1.2432489555847501]]",[[2.214424107]],1453.21971017849
0.84,"[[0.5370421875]
 [0.8732797499999999]]","[[0.5349374375]
 [0.8792649375]]","[[0.00210475]
 [-0.0059851875]]","[[3.0250701886550004]
 [0.5016824895558475]]","[[0.589]
 [0.8732797499999999]]","[[2.0910954093750003]
 [1.240068870536672]]",[[2.2198931145625003]],1452.5896657638
0.84975,"[[0.5457985]
 [0.8779660625]]","[[0.543734125]
 [0.88394475]]","[[0.002064375]
 [-0.0059786875]]","[[3.04591095409375]
 [0.5141506887053668]]","[[0.576]
 [0.8779660625]]","[[2.0459161080000006]
 [1.2473166176213049]]",[[2.205990047640625]],1453.20691862444
0.85975,"[[0.5546004999999999]
 [0.8824219375]]","[[0.5525304999999999]
 [0.8885645]]","[[0.00207]
 [-0.0061425625]]","[[3.06645916108]
 [0.5267231661762131]]","[[0.5712499999999999]
 [0.8824219375]]","[[2.0151837367968755]
 [1.2450820768827073]]",[[2.2165538805781253]],1453.20297554718
0.8695,"[[0.5634471249999999]
 [0.8868941874999999]]","[[0.5613248125]
 [0.8930138125]]","[[0.0021223125]
 [-0.006119625]]","[[3.0866518373679694]
 [0.5392008207688271]]","[[0.5539999999999999]
 [0.8868941874999999]]","[[1.9468945346250004]
 [1.2466294452655706]]",[[2.188317190609375]],1453.07168732025
0.8795000000000001,"[[0.5723366249999999]
 [0.8909983125]]","[[0.5701188125]
 [0.8974030624999999]]","[[0.0022178124999999997]
 [-0.00640475]]","[[3.10621894534625]
 [0.5517162944526557]]","[[0.55325]
 [0.8909983125]]","[[1.9941856830937503]
 [1.2845601190538791]]",[[2.2101411314218753]],1453.35079336554
0.8895000000000001,"[[0.581267875]
 [0.89523725]]","[[0.578913125]
 [0.9018523749999999]]","[[0.00235475]
 [-0.0066151249999999995]]","[[3.1261918568309377]
 [0.5645956011905388]]","[[0.54425]
 [0.89523725]]","[[1.9524630634687503]
 [1.2845634526558283]]",[[2.206822990125]],1453.2418945654
0.89925,"[[0.5902409375]
 [0.899359375]]","[[0.58795475]
 [0.9060111249999999]]","[[0.0022861875]
 [-0.00665175]]","[[3.145774630634688]
 [0.5773456345265583]]","[[0.531]
 [0.899359375]]","[[1.9153745803125004]
 [1.2975539984589846]]",[[2.18954844921875]],1453.53469202012
0.90925,"[[0.5992539375]
 [0.9032288749999999]]","[[0.5969960624999999]
 [0.9101098125]]","[[0.002257875]
 [-0.0068809375]]","[[3.1649037458031253]
 [0.5902255399845899]]","[[0.524]
 [0.9032288749999999]]","[[1.8912198175000003]
 [1.3038910426251564]]",[[2.19159084346875]],1452.01659316812
0.91925,"[[0.6083053749999999]
 [0.9070419375]]","[[0.6060353125]
 [0.9140380625]]","[[0.0022700625]
 [-0.006996125]]","[[3.1839121981750003]
 [0.6032889104262515]]","[[0.519]
 [0.9070419375]]","[[1.8934482699375004]
 [1.323568180406883]]",[[2.199669048796875]],1453.4808279144
0.92925,"[[0.6173949375]
 [0.9108594999999999]]","[[0.6150745624999999]
 [0.9179663124999999]]","[[0.002320375]
 [-0.007106812499999999]]","[[3.202934482699375]
 [0.6164856818040689]]","[[0.5077499999999999]
 [0.9108594999999999]]","[[1.8694920873750003]
 [1.3413990463742815]]",[[2.18786813175]],1452.59237634771
0.93925,"[[0.6265216874999999]
 [0.9144846249999999]]","[[0.6241138125]
 [0.9218945624999999]]","[[0.002407875]
 [-0.0074099375]]","[[3.2216949208737495]
 [0.6299139904637427]]","[[0.50275]
 [0.9144846249999999]]","[[1.9000336798593753]
 [1.3823531916872112]]",[[2.19586012625]],1453.09682956111
0.94925,"[[0.63568475]
 [0.9181170624999999]]","[[0.6331530624999999]
 [0.9258228125]]","[[0.0025316875]
 [-0.00770575]]","[[3.240750336798594]
 [0.6438235319168721]]","[[0.4935]
 [0.9181170624999999]]","[[1.8720984804375003]
 [1.393069864189051]]",[[2.1903479839843754]],1453.45261665773
0.95925,"[[0.6448834999999999]
 [0.921623]]","[[0.642439625]
 [0.9294604999999999]]","[[0.002443875]
 [-0.007837499999999999]]","[[3.2594709848043752]
 [0.6576806986418906]]","[[0.48424999999999996]
 [0.921623]]","[[1.8636397568750003]
 [1.4186626361084378]]",[[2.18461040325]],1453.11852552257
0.9692500000000001,"[[0.6541166875]
 [0.92500275]]","[[0.6517261875]
 [0.9330981875]]","[[0.0023905]
 [-0.0080954375]]","[[3.2781363975687503]
 [0.6719366263610844]]","[[0.48124999999999996]
 [0.92500275]]","[[1.8591765500000004]
 [1.4293096242862502]]",[[2.1992596605]],1453.54874253993
0.9792500000000001,"[[0.6633840624999999]
 [0.9284606249999999]]","[[0.6610103749999999]
 [0.936505375]]","[[0.0023736875]
 [-0.00804475]]","[[3.2968417655]
 [0.6862930962428625]]","[[0.46575]
 [0.9284606249999999]]","[[1.7917775682187502]
 [1.428656484615469]]",[[2.17261741640625]],1453.3661920098
0.9892500000000001,"[[0.672684375]
 [0.93158625]]","[[0.6702945625]
 [0.9399125625]]","[[0.0023898125]
 [-0.0083263125]]","[[3.3146677756821874]
 [0.7005365648461548]]","[[0.46049999999999996]
 [0.93158625]]","[[1.8162654755625003]
 [1.4696243544806253]]",[[2.179018543125]],1453.26960358621
0.99925,"[[0.6820159375]
 [0.9347133125]]","[[0.67957875]
 [0.94331975]]","[[0.0024371874999999997]
 [-0.0086064375]]","[[3.332912654755625]
 [0.7151962435448063]]","[[0.45325]
 [0.9347133125]]","[[1.7932417560312504]
 [1.4791524457156995]]",[[2.1792359467656253]],1452.74440034469
1.00925,"[[0.6913784374999999]
 [0.9377806249999999]]","[[0.6888605624999999]
 [0.9464964375]]","[[0.0025178749999999997]
 [-0.0087158125]]","[[3.350932417560313]
 [0.7300415244571571]]","[[0.44175]
 [0.9377806249999999]]","[[1.7610572476875004]
 [1.495311486068516]]",[[2.16488410625]],1453.0288222536
1.01925,"[[0.700770625]
 [0.940645125]]","[[0.698142375]
 [0.949673125]]","[[0.00262825]
 [-0.009028]]","[[3.3686105724768747]
 [0.744953114860685]]","[[0.4365]
 [0.940645125]]","[[1.7848395244687503]
 [1.5384192816957893]]",[[2.171130868125]],1453.37133822109
1.02925,"[[0.7101915]
 [0.94351475]]","[[0.707673875]
 [0.95278975]]","[[0.002517625]
 [-0.009275]]","[[3.3863483952446876]
 [0.7603841928169579]]","[[0.427]
 [0.94351475]]","[[1.7531099346250003]
 [1.5494011793755784]]",[[2.163471717375]],1453.51969684015
1.03925,"[[0.719640375]
 [0.9462516875]]","[[0.7172029999999999]
 [0.955675875]]","[[0.002437375]
 [-0.0094241875]]","[[3.40378109934625]
 [0.7759940117937558]]","[[0.4175]
 [0.9462516875]]","[[1.7393020514062503]
 [1.5767372352371447]]",[[2.1553569345000003]],1453.32691239508
1.04925,"[[0.7291159374999999]
 [0.948854125]]","[[0.726732125]
 [0.9585619999999999]]","[[0.0023838125]
 [-0.009707875]]","[[3.4211430205140627]
 [0.7917673723523716]]","[[0.41625]
 [0.948854125]]","[[1.7439931933593753]
 [1.5900987567891878]]",[[2.17535056596875]],1452.53494300374
1.05925,"[[0.7386182499999999]
 [0.9516029374999999]]","[[0.736258875]
 [0.961217625]]","[[0.002359375]
 [-0.0096146875]]","[[3.4386899319335944]
 [0.8076509875678919]]","[[0.40675]
 [0.9516029374999999]]","[[1.6918745912500004]
 [1.5831794281114064]]",[[2.1673688352656253]],1453.22362291618
1.06925,"[[0.748147375]
 [0.9542183125]]","[[0.745785625]
 [0.9638732499999999]]","[[0.0023617499999999997]
 [-0.0096549375]]","[[3.4556687459125004]
 [0.8235817942811141]]","[[0.39099999999999996]
 [0.9542183125]]","[[1.6000724870000003]
 [1.561866084504758]]",[[2.13699703034375]],1452.87478738783
1.079,"[[0.7577009375]
 [0.9564811875]]","[[0.7553099999999999]
 [0.9662983749999999]]","[[0.0023909375]
 [-0.0098171875]]","[[3.47175072487]
 [0.8391186608450477]]","[[0.37925]
 [0.9564811875]]","[[1.5724299237343753]
 [1.5861910388036136]]",[[2.1191489038125]],1452.79366752968
1.089,"[[0.767276]
 [0.9585225625]]","[[0.7648340625]
 [0.9686634375]]","[[0.0024419375]
 [-0.010140874999999999]]","[[3.4874742992373444]
 [0.854861910388036]]","[[0.37575]
 [0.9585225625]]","[[1.5986190751875002]
 [1.6311060427971995]]",[[2.129725285296875]],1453.43965361303
1.099,"[[0.7768718124999999]
 [0.96062825]]","[[0.7743584375]
 [0.9710885625]]","[[0.002513375]
 [-0.010460312499999999]]","[[3.5034861907518753]
 [0.871061060427972]]","[[0.37024999999999997]
 [0.96062825]]","[[1.5839926044843753]
 [1.6437936195290472]]",[[2.13387808075]],1453.358818975
1.109,"[[0.7864886249999999]
 [0.962733375]]","[[0.7838804374999999]
 [0.9732831875]]","[[0.0026081875]
 [-0.0105498125]]","[[3.5193399260448444]
 [0.8874379361952904]]","[[0.3605]
 [0.962733375]]","[[1.5516275993750004]
 [1.6573800431223285]]",[[2.1231154953125]],1452.64732647214
1.119,"[[0.79612575]
 [0.96469025]]","[[0.7936521249999999]
 [0.97541775]]","[[0.0024736249999999997]
 [-0.0107275]]","[[3.53476627599375]
 [0.9040738004312233]]","[[0.35075]
 [0.96469025]]","[[1.5362704219531254]
 [1.6900207110660315]]",[[2.1118935485000003]],1453.5325172126
1.12875,"[[0.8057816875]
 [0.96649725]]","[[0.8034238125]
 [0.9775523125]]","[[0.0023578749999999997]
 [-0.011055062499999999]]","[[3.550112704219531]
 [0.9209002071106603]]","[[0.34299999999999997]
 [0.96649725]]","[[1.5179134648125003]
 [1.7107548604067815]]",[[2.10779396725]],1453.14797422825
1.13875,"[[0.8154553124999999]
 [0.968227875]]","[[0.8131928125]
 [0.9793963124999999]]","[[0.0022624999999999998]
 [-0.0111684375]]","[[3.565179134648125]
 [0.9381075486040679]]","[[0.33525]
 [0.968227875]]","[[1.5001653015000003]
 [1.7329352189028753]]",[[2.10344780925]],1452.62821432701
1.14875,"[[0.8251458749999999]
 [0.9698811875]]","[[0.822962125]
 [0.981300375]]","[[0.00218375]
 [-0.011419187499999999]]","[[3.5802516530150004]
 [0.9553293521890288]]","[[0.32749999999999996]
 [0.9698811875]]","[[1.4703266629687504]
 [1.7416280749964652]]",[[2.099010879359375]],1453.14424536915
1.1585,"[[0.834852625]
 [0.9714578749999999]]","[[0.8327290625]
 [0.9829739375]]","[[0.0021235625]
 [-0.0115160625]]","[[3.594953266629687]
 [0.9726662807499648]]","[[0.32175]
 [0.9714578749999999]]","[[1.4573937726562503]
 [1.760016643648477]]",[[2.10167689790625]],1453.26895896386
1.1685,"[[0.8445750624999999]
 [0.9730296875]]","[[0.8424956874999999]
 [0.9845874375]]","[[0.002079375]
 [-0.01155775]]","[[3.6095739377265628]
 [0.9903501664364847]]","[[0.316]
 [0.9730296875]]","[[1.4117474787500002]
 [1.7387212832247074]]",[[2.104144648046875]],1452.7751411385
1.17825,"[[0.8543131875]
 [0.9745948124999999]]","[[0.8522602499999999]
 [0.9860304999999999]]","[[0.0020529375]
 [-0.0114356875]]","[[3.6236174747875003]
 [1.0076372128322473]]","[[0.304]
 [0.9745948124999999]]","[[1.3459285360000002]
 [1.7258620764860864]]",[[2.0836919222968753]],1452.96846285361
1.188,"[[0.8640658124999999]
 [0.9759264999999999]]","[[0.8620245]
 [0.9874134999999999]]","[[0.0020413124999999997]
 [-0.011486999999999999]]","[[3.6369592853599997]
 [1.0250086207648608]]","[[0.292]
 [0.9759264999999999]]","[[1.2983969070000003]
 [1.735702480954563]]",[[2.0623286625]],1453.52261806664
1.198,"[[0.8738305624999999]
 [0.9770203125]]","[[0.87178875]
 [0.9887965]]","[[0.0020418125]
 [-0.0117761875]]","[[3.64998396907]
 [1.0423570248095455]]","[[0.29025]
 [0.9770203125]]","[[1.2965004007031253]
 [1.7455711751797856]]",[[2.077711920703125]],1452.75347203673
1.20775,"[[0.8836069375]
 [0.97824475]]","[[0.8815509374999999]
 [0.9900090625]]","[[0.002056]
 [-0.011764312499999999]]","[[3.6629650040070314]
 [1.059705711751798]]","[[0.28025]
 [0.97824475]]","[[1.2502555212656252]
 [1.7455570654289692]]",[[2.0632506238125]],1453.01723055905
1.2175,"[[0.8933946875]
 [0.97930175]]","[[0.8913128124999999]
 [0.9911615625]]","[[0.002081875]
 [-0.011859812499999999]]","[[3.675502555212656]
 [1.0772055706542896]]","[[0.266]
 [0.97930175]]","[[1.1948896557500002]
 [1.759527735116594]]",[[2.0326358101875]],1452.70973913087
1.22725,"[[0.9031913749999999]
 [0.98003475]]","[[0.9010746875]
 [0.9923140625]]","[[0.0021166875]
 [-0.0122793125]]","[[3.6874488965574996]
 [1.094845277351166]]","[[0.26]
 [0.98003475]]","[[1.1841924737500003]
 [1.785352947413344]]",[[2.0316430425625]],1453.3621055583
1.237,"[[0.9129952499999999]
 [0.980743375]]","[[0.9108341875]
 [0.9932360625]]","[[0.0021610625]
 [-0.012492687499999999]]","[[3.6993419247375]
 [1.1126035294741337]]","[[0.254]
 [0.980743375]]","[[1.1747252826250003]
 [1.8142281935402114]]",[[2.0306865046875]],1453.48446492247
1.24675,"[[0.9228061249999999]
 [0.9814284999999999]]","[[0.9205936874999999]
 [0.9941580624999999]]","[[0.0022124375]
 [-0.0127295625]]","[[3.7109972528262505]
 [1.130642281935402]]","[[0.248]
 [0.9814284999999999]]","[[1.1662868825000001]
 [1.8460633894824066]]",[[2.0300782763750003]],1453.54160839202
1.25625,"[[0.93262375]
 [0.9820940625]]","[[0.9303531875]
 [0.9950800624999999]]","[[0.0022705625]
 [-0.012986]]","[[3.722662868825]
 [1.1492106338948238]]","[[0.23775]
 [0.9820940625]]","[[1.1187931175156252]
 [1.848487316592481]]",[[2.0137554138281253]],1453.24410412158
1.266,"[[0.9424471249999999]
 [0.9825848125]]","[[0.94011]
 [0.9957115]]","[[0.002337125]
 [-0.0131266875]]","[[3.733937931175156]
 [1.167734873165925]]","[[0.22749999999999998]
 [0.9825848125]]","[[1.0802504496875003]
 [1.8661534480364612]]",[[1.9968984147968751]],1453.54198792648
1.2755,"[[0.9522745625]
 [0.9828989374999999]]","[[0.9498671249999999]
 [0.9964029999999999]]","[[0.0024074375]
 [-0.013504062499999999]]","[[3.744802504496875]
 [1.1864115344803645]]","[[0.21725]
 [0.9828989374999999]]","[[1.0587843588437502]
 [1.9159818538754223]]",[[1.97975652684375]],1452.85909505068
1.28525,"[[0.96210425]
 [0.983037125]]","[[0.9596239375]
 [0.9970344375]]","[[0.0024803125]
 [-0.0139973125]]","[[3.7553378435884377]
 [1.2056598185387544]]","[[0.21725]
 [0.983037125]]","[[1.0771504701718753]
 [1.9494927484144222]]",[[2.00112507596875]],1453.39366422355
1.29475,"[[0.971936375]
 [0.9833841249999999]]","[[0.9693786875]
 [0.9974954374999999]]","[[0.0025576875]
 [-0.014111312499999999]]","[[3.7660215047017194]
 [1.2252449274841444]]","[[0.20074999999999998]
 [0.9833841249999999]]","[[1.002632111078125]
 [1.964465594609805]]",[[1.96091589915625]],1453.53505090202
1.3042500000000001,"[[0.9817699375]
 [0.9833261875]]","[[0.9793828124999999]
 [0.9978363124999999]]","[[0.002387125]
 [-0.014510124999999999]]","[[3.7760263211107814]
 [1.2448946559460978]]","[[0.19649999999999998]
 [0.9833261875]]","[[0.9963464830312502]
 [1.99425593898818]]",[[1.9662251034375002]],1451.99409920921
1.31375,"[[0.9916031875]
 [0.9833219375]]","[[0.9893845625]
 [0.9979466874999999]]","[[0.002218625]
 [-0.014624749999999999]]","[[3.7859634648303127]
 [1.2649425593898818]]","[[0.19025]
 [0.9833219375]]","[[0.9755421188125002]
 [2.016752977613063]]",[[1.9641887509375002]],1453.54808440617
1.32325,"[[1.0014363124999999]
 [0.983297625]]","[[0.9993863125]
 [0.9980570624999999]]","[[0.0020499999999999997]
 [-0.0147594375]]","[[3.7957554211881246]
 [1.2851675297761307]]","[[0.17775]
 [0.983297625]]","[[0.9084630749062501]
 [2.0101019908913442]]",[[1.9384778350312502]],1452.66744548739
1.33275,"[[1.011267875]
 [0.9830192499999999]]","[[1.0093856875]
 [0.9979369375]]","[[0.0018821875]
 [-0.014917687499999999]]","[[3.8048346307490624]
 [1.3053510199089136]]","[[0.1735]
 [0.9830192499999999]]","[[0.8993134696562501]
 [2.0380241395356564]]",[[1.9432100010625002]],1453.16534145244
1.34225,"[[1.0210969374999999]
 [0.98279325]]","[[1.0193850625]
 [0.9978168125]]","[[0.0017118749999999999]
 [-0.015023562499999999]]","[[3.813743134696563]
 [1.3256302413953567]]","[[0.16924999999999998]
 [0.98279325]]","[[0.8727630759687501]
 [2.0270539524805318]]",[[1.9484153386875]],1453.47826709349
1.3515,"[[1.030924]
 [0.98262325]]","[[1.0293820624999999]
 [0.9974661874999999]]","[[0.0015419375]
 [-0.014842937499999998]]","[[3.8224776307596877]
 [1.3460205395248053]]","[[0.1525]
 [0.98262325]]","[[0.7793497631250002]
 [2.0085596730646564]]",[[1.9055421445]],1453.40068284772
1.3607500000000001,"[[1.04074725]
 [0.9820321249999999]]","[[1.03937875]
 [0.9970555]]","[[0.0013685]
 [-0.015023374999999999]]","[[3.83029349763125]
 [1.3660855967306467]]","[[0.144]
 [0.9820321249999999]]","[[0.7358744700000002]
 [2.0072523656782892]]",[[1.8930118827500002]],1452.76136340245
1.37025,"[[1.0505640625]
 [0.9813286874999999]]","[[1.0493730625]
 [0.9964143125]]","[[0.001191]
 [-0.015085625]]","[[3.8376087447]
 [1.386072523656783]]","[[0.14375]
 [0.9813286874999999]]","[[0.7397205554687502]
 [2.019805051116563]]",[[1.911762185875]],1453.50451942209
1.3795,"[[1.0603748124999999]
 [0.9808248125]]","[[1.059118]
 [0.99589325]]","[[0.0012568125]
 [-0.015068437499999998]]","[[3.8448972055546875]
 [1.4061980505111655]]","[[0.13524999999999998]
 [0.9808248125]]","[[0.6942678612968751]
 [2.013799344662016]]",[[1.8993211425781251]],1453.05890914134
1.38875,"[[1.0701799374999998]
 [0.9802077499999999]]","[[1.068862625]
 [0.995312125]]","[[0.0013173125]
 [-0.015104375]]","[[3.851942678612969]
 [1.4263879934466204]]","[[0.1205]
 [0.9802077499999999]]","[[0.6095699458750001]
 [1.983303289699516]]",[[1.8624323553750002]],1453.52872802389
1.3980000000000001,"[[1.0799771249999999]
 [0.979237625]]","[[1.078604875]
 [0.9945005]]","[[0.00137225]
 [-0.015262874999999999]]","[[3.8580956994587496]
 [1.4463330328969954]]","[[0.11599999999999999]
 [0.979237625]]","[[0.5926106065000001]
 [2.0009405628339927]]",[[1.86375041515625]],1453.51958590566
1.407,"[[1.0897648125]
 [0.9782998125]]","[[1.0883471249999999]
 [0.9936888749999999]]","[[0.0014176875]
 [-0.0153890625]]","[[3.863926106065]
 [1.46625940562834]]","[[0.10525]
 [0.9782998125]]","[[0.5418715667968751]
 [2.0145637054594103]]",[[1.8411181000781252]],1453.10379558997
1.41625,"[[1.0995420624999999]
 [0.9771565]]","[[1.0980890625]
 [0.9928171874999999]]","[[0.0014529999999999999]
 [-0.0156606875]]","[[3.8694187156679685]
 [1.486395637054594]]","[[0.10074999999999999]
 [0.9771565]]","[[0.5197770266406251]
 [2.0163730643269377]]",[[1.8423952622500002]],1453.34993575281
1.4252500000000001,"[[1.1093080625]
 [0.9760484374999999]]","[[1.1078289374999999]
 [0.9917750624999999]]","[[0.001479125]
 [-0.015726625]]","[[3.8746977702664065]
 [1.506663730643269]]","[[0.092]
 [0.9760484374999999]]","[[0.47652144050000006]
 [2.022091199546973]]",[[1.8271379832031251]],1453.03393414632
1.43425,"[[1.1190623124999999]
 [0.9748112499999999]]","[[1.1175685]
 [0.990672875]]","[[0.0014938125]
 [-0.015861625]]","[[3.8795152144050005]
 [1.52697091199547]]","[[0.08324999999999999]
 [0.9748112499999999]]","[[0.43502056481250007]
 [2.0374218605907033]]",[[1.8115051537500002]],1452.67930311463
1.44325,"[[1.1288035625]
 [0.9734438125]]","[[1.1273080625]
 [0.9895706875]]","[[0.0014954999999999999]
 [-0.016126875]]","[[3.8838502056481254]
 [1.5473742186059072]]","[[0.0745]
 [0.9734438125]]","[[0.3901790874687501]
 [2.0391701592652387]]",[[1.7955003138906251]],1453.02423204713
1.45225,"[[1.1385305]
 [0.971945]]","[[1.13704525]
 [0.988238]]","[[0.00148525]
 [-0.016293]]","[[3.8876517908746875]
 [1.5676417015926527]]","[[0.06774999999999999]
 [0.971945]]","[[0.3588474065781251]
 [2.0590991968421877]]",[[1.7871618362500001]],1453.38849502545
1.461,"[[1.1482421875]
 [0.9703933124999999]]","[[1.1467824375]
 [0.9869053124999999]]","[[0.00145975]
 [-0.016512]]","[[3.8913384740657815]
 [1.5883409919684217]]","[[0.05475]
 [0.9703933124999999]]","[[0.29433911732812507]
 [2.0866375283133167]]",[[1.754273116078125]],1452.91499599686
1.47,"[[1.1579368749999999]
 [0.9685466875]]","[[1.1565193125]
 [0.9855125625]]","[[0.0014175625]
 [-0.016965875]]","[[3.8941933911732813]
 [1.6091163752831332]]","[[0.052]
 [0.9685466875]]","[[0.28383929925000007]
 [2.114586214242852]]",[[1.7608926201875001]],1452.5944899661
1.47875,"[[1.1676135625]
 [0.9668021874999999]]","[[1.166254125]
 [0.9839493749999999]]","[[0.0013594375]
 [-0.017147187499999998]]","[[3.8970883929925]
 [1.6301458621424283]]","[[0.04725]
 [0.9668021874999999]]","[[0.26119557253125003]
 [2.137654502586641]]",[[1.760262516171875]],1452.94819867096
1.4875,"[[1.177273]
 [0.965086]]","[[1.175988625]
 [0.9823261249999999]]","[[0.001284375]
 [-0.017240125]]","[[3.899611955725313]
 [1.6516265450258665]]","[[0.03625]
 [0.965086]]","[[0.19890803203125004]
 [2.1180975872176253]]",[[1.7354376755]],1452.97358953502
1.49625,"[[1.1869141875]
 [0.963158]]","[[1.18572075]
 [0.980472375]]","[[0.0011934375]
 [-0.017314375]]","[[3.901489080320313]
 [1.6729309758721764]]","[[0.025249999999999998]
 [0.963158]]","[[0.13944037906250004]
 [2.12745529500875]]",[[1.7098762090000001]],1453.30863355158
1.50475,"[[1.196535]
 [0.961015125]]","[[1.195452875]
 [0.978618625]]","[[0.001082125]
 [-0.017603499999999998]]","[[3.902894403790625]
 [1.6942745529500876]]","[[0.01825]
 [0.961015125]]","[[0.10136086956250002]
 [2.134880084326172]]",[[1.6994296255312502]],1453.41308467506
1.5135,"[[1.206134125]
 [0.95881125]]","[[1.2051823124999999]
 [0.9764743124999999]]","[[0.0009518125]
 [-0.0176630625]]","[[3.904013608695625]
 [1.7155988008432619]]","[[0.01125]
 [0.95881125]]","[[0.06286660101562501]
 [2.1430705457948442]]",[[1.6887606993750002]],1452.65566110425
1.522,"[[1.2157108749999999]
 [0.9565453749999999]]","[[1.2149120624999998]
 [0.9743900624999999]]","[[0.0007988124999999999]
 [-0.017844687499999998]]","[[3.904628666010156]
 [1.7369307054579486]]","[[0.0042499999999999994]
 [0.9565453749999999]]","[[0.024086198718750004]
 [2.1683084748104147]]",[[1.678114503875]],1453.05303624434
1.5305,"[[1.2252646875]
 [0.9542189375]]","[[1.2246415]
 [0.9722457499999999]]","[[0.0006231874999999999]
 [-0.0180268125]]","[[3.904990861987187]
 [1.7586830847481043]]","[[-0.00275]
 [0.9542189375]]","[[-0.015586843250000003]
 [2.1632644278067192]]",[[1.667493806328125]],1453.37068042134
1.539,"[[1.2347949375]
 [0.9518334374999999]]","[[1.2343685625]
 [0.9698709375]]","[[0.000426375]
 [-0.018037499999999998]]","[[3.9048441315675]
 [1.7803826442780675]]","[[-0.00775]
 [0.9518334374999999]]","[[-0.04344975693750001]
 [2.1344322885774027]]",[[1.6644776229687501]],1452.19857788709
1.54725,"[[1.244301375]
 [0.9494653125]]","[[1.2438435625]
 [0.9673256874999999]]","[[0.0004578125]
 [-0.017860374999999998]]","[[3.9043155024306246]
 [1.801844322885774]]","[[-0.020999999999999998]
 [0.9494653125]]","[[-0.11636515275000002]
 [2.1043510651958792]]",[[1.628709876796875]],1451.61406963655
1.55575,"[[1.253782625]
 [0.9467899375]]","[[1.25331825]
 [0.964720375]]","[[0.000464375]
 [-0.0179304375]]","[[3.9030863484725002]
 [1.8227935106519586]]","[[-0.024]
 [0.9467899375]]","[[-0.13356427350000002]
 [2.107502919172149]]",[[1.632089358578125]],1453.28150883833
1.564,"[[1.2632375624999999]
 [0.944201]]","[[1.2627932499999999]
 [0.9621751249999999]]","[[0.0004443125]
 [-0.017974125]]","[[3.9016643572649996]
 [1.8438250291917218]]","[[-0.03525]
 [0.944201]]","[[-0.19678644951562504]
 [2.1083175662743128]]",[[1.60333390625]],1453.44533214339
1.57225,"[[1.2726654375]
 [0.9413786249999999]]","[[1.2722679375]
 [0.9595698125]]","[[0.00039749999999999996]
 [-0.0181911875]]","[[3.8997821355048443]
 [1.8648331756627432]]","[[-0.0445]
 [0.9413786249999999]]","[[-0.24841899440625004]
 [2.101960616492602]]",[[1.5818969159687502]],1453.08018501989
1.5805,"[[1.28206425]
 [0.9383999375]]","[[1.28174025]
 [0.956734]]","[[0.00032399999999999996]
 [-0.018334062499999998]]","[[3.8972658100559374]
 [1.885769606164926]]","[[-0.0455]
 [0.9383999375]]","[[-0.25662289778125]
 [2.1169354806063128]]",[[1.592262807140625]],1453.24853348798
1.5885,"[[1.2914341249999999]
 [0.9355828125]]","[[1.2912125625]
 [0.9538981875]]","[[0.0002215625]
 [-0.018315375]]","[[3.894683771022188]
 [1.9069193548060632]]","[[-0.059]
 [0.9355828125]]","[[-0.33299151600000004]
 [2.1120247540505863]]",[[1.5543661734375]],1453.40297996263
1.5965,"[[1.3007741874999998]
 [0.9324463125]]","[[1.3006845624999999]
 [0.9510023125]]","[[8.9625e-05]
 [-0.018556]]","[[3.8914200848400005]
 [1.928120247540506]]","[[-0.06625]
 [0.9324463125]]","[[-0.3750190024218751]
 [2.111187770147965]]",[[1.5399446155]],1452.26550085792
1.6045,"[[1.3100825]
 [0.929229125]]","[[1.3101541875]
 [0.9478759375]]","[[-7.16875e-05]
 [-0.0186468125]]","[[3.8877498099757815]
 [1.9491118777014798]]","[[-0.0715]
 [0.929229125]]","[[-0.4081857735312501]
 [2.121829254361008]]",[[1.533093439625]],1453.55410316324
1.6125,"[[1.319358625]
 [0.9260078125]]","[[1.3196238125]
 [0.9447495625]]","[[-0.00026518749999999996]
 [-0.018741749999999998]]","[[3.8836681422646873]
 [1.9702182925436103]]","[[-0.07675]
 [0.9260078125]]","[[-0.43567828250000007]
 [2.102508667223145]]",[[1.526389080078125]],1452.81297725645
1.62025,"[[1.3286025]
 [0.9227838749999999]]","[[1.3288413749999999]
 [0.94145275]]","[[-0.000238875]
 [-0.018668874999999998]]","[[3.8793932171749996]
 [1.9912750866722317]]","[[-0.08825]
 [0.9227838749999999]]","[[-0.4984757621406251]
 [2.0848017765534377]]",[[1.49512751609375]],1452.28773023929
1.62825,"[[1.3378129374999999]
 [0.9193143125]]","[[1.338058625]
 [0.9380958749999999]]","[[-0.0002456875]
 [-0.018781562499999998]]","[[3.8745152423785942]
 [2.0120980177655343]]","[[-0.0915]
 [0.9193143125]]","[[-0.5131049903437501]
 [2.061979714479125]]",[[1.49514364675]],1453.33223951518
1.6360000000000001,"[[1.346989]
 [0.9159135625]]","[[1.3472738125]
 [0.9345685625]]","[[-0.00028481249999999996]
 [-0.018654999999999998]]","[[3.869368950096563]
 [2.032619797144791]]","[[-0.103]
 [0.9159135625]]","[[-0.5734366186875001]
 [2.0395656518444185]]",[[1.46306156578125]],1453.11780071809
1.6435,"[[1.3561298124999999]
 [0.9122625624999999]]","[[1.3564886875]
 [0.9309811874999999]]","[[-0.000358875]
 [-0.018718625]]","[[3.863515633813125]
 [2.0528956565184444]]","[[-0.11674999999999999]
 [0.9122625624999999]]","[[-0.6534793096406252]
 [2.042348736819403]]",[[1.4218114158125001]],1452.88629959593
1.65125,"[[1.3652324375]
 [0.9082754375]]","[[1.36570325]
 [0.92733375]]","[[-0.0004708125]
 [-0.0190583125]]","[[3.8569652069035945]
 [2.073423487368194]]","[[-0.11599999999999999]
 [0.9082754375]]","[[-0.6550187805000001]
 [2.051391790526473]]",[[1.43589711965625]],1453.43063272174
1.65875,"[[1.3742963124999998]
 [0.9045066875]]","[[1.37491575]
 [0.923515875]]","[[-0.0006194375]
 [-0.0190091875]]","[[3.8504498121950004]
 [2.094013917905265]]","[[-0.1235]
 [0.9045066875]]","[[-0.6971070425312501]
 [2.0421118148272464]]",[[1.418500253625]],1453.41200323449
1.66625,"[[1.383322]
 [0.9006403749999999]]","[[1.3841279375]
 [0.9196379375]]","[[-0.0008059375]
 [-0.0189975625]]","[[3.843528929574688]
 [2.1144211181482726]]","[[-0.131]
 [0.9006403749999999]]","[[-0.7413917981250001]
 [2.038746124323555]]",[[1.4009055729375002]],1453.5081793753
1.67375,"[[1.3923085]
 [0.896676375]]","[[1.393340125]
 [0.9157599999999999]]","[[-0.001031625]
 [-0.019083625]]","[[3.8360860820187503]
 [2.1348874612432356]]","[[-0.13649999999999998]
 [0.896676375]]","[[-0.7681283354062501]
 [2.0182359904404144]]",[[1.390790060625]],1453.26895538274
1.681,"[[1.40125525]
 [0.89269075]]","[[1.40230025]
 [0.9117116249999999]]","[[-0.001045]
 [-0.019020875]]","[[3.8283187166459376]
 [2.1551823599044044]]","[[-0.14825]
 [0.89269075]]","[[-0.8312047458437501]
 [2.001931928550641]]",[[1.3564336764375]],1453.29363192902
1.68825,"[[1.4101608749999999]
 [0.888443875]]","[[1.4112600625]
 [0.9076031874999999]]","[[-0.0010991875]
 [-0.019159312499999998]]","[[3.819937952541563]
 [2.1752693192855066]]","[[-0.158]
 [0.888443875]]","[[-0.8816150360000001]
 [1.9828355924985785]]",[[1.32902753909375]],1452.90201448471
1.6955,"[[1.4190230625]
 [0.8840097499999999]]","[[1.4202175]
 [0.90326425]]","[[-0.0011944375]
 [-0.0192545]]","[[3.8111838496400003]
 [2.195078355924986]]","[[-0.1595]
 [0.8840097499999999]]","[[-0.8968611829375002]
 [1.9881839515076096]]",[[1.33250702625]],1453.17221145272
1.70275,"[[1.4278415]
 [0.879697875]]","[[1.4291749375]
 [0.8989253125]]","[[-0.0013334375]
 [-0.0192274375]]","[[3.802281388170625]
 [2.214881839515076]]","[[-0.163]
 [0.879697875]]","[[-0.9173017645625001]
 [1.98012739653143]]",[[1.328764043125]],1453.19713349377
1.70975,"[[1.4366170624999999]
 [0.8754343124999999]]","[[1.438132375]
 [0.8945863749999999]]","[[-0.0015153125]
 [-0.0191520625]]","[[3.793076982354375]
 [2.234801273965314]]","[[-0.17275]
 [0.8754343124999999]]","[[-0.9567939813593752]
 [1.939360192407645]]",[[1.3011360798593752]],1453.04318780898
1.71675,"[[1.4453490624999998]
 [0.8709816874999999]]","[[1.447087125]
 [0.889956875]]","[[-0.0017380625]
 [-0.0189751875]]","[[3.7834320601864064]
 [2.2541436019240764]]","[[-0.1805]
 [0.8709816874999999]]","[[-0.9918586797187502]
 [1.9143261327387464]]",[[1.280488719046875]],1453.53678672083
1.7237500000000001,"[[1.4540359375]
 [0.8664128124999999]]","[[1.4557921875]
 [0.8853874374999999]]","[[-0.00175625]
 [-0.018974625]]","[[3.773581413202813]
 [2.2733932613273873]]","[[-0.18825]
 [0.8664128124999999]]","[[-1.0347768356250002]
 [1.9048942348480862]]",[[1.25942815421875]],1453.38822529852
1.7305,"[[1.4626765625]
 [0.861725875]]","[[1.46449725]
 [0.880818]]","[[-0.0018206874999999998]
 [-0.019092124999999998]]","[[3.7631522316437502]
 [2.2925489423484806]]","[[-0.20024999999999998]
 [0.861725875]]","[[-1.0940831340468753]
 [1.883133216972469]]",[[1.2219157559375]],1452.25971748318
1.7375,"[[1.4712689374999999]
 [0.8567603125]]","[[1.473199625]
 [0.875958]]","[[-0.0019306875]
 [-0.019197687499999998]]","[[3.752309168659531]
 [2.3113313321697246]]","[[-0.19774999999999998]
 [0.8567603125]]","[[-1.0899654824843752]
 [1.8888171048837112]]",[[1.238179834765625]],1453.51818959321
1.744,"[[1.4798129375]
 [0.852054125]]","[[1.4819023125]
 [0.8711580624999999]]","[[-0.002089375]
 [-0.019103937499999998]]","[[3.741350345175156]
 [2.330138171048837]]","[[-0.20975]
 [0.852054125]]","[[-1.1526011709218753]
 [1.8727442995110082]]",[[1.20077193728125]],1453.25080799833
1.75075,"[[1.4883085]
 [0.84707075]]","[[1.490604375]
 [0.866238]]","[[-0.0022958749999999997]
 [-0.01916725]]","[[3.729723988290781]
 [2.34897744299511]]","[[-0.2135]
 [0.84707075]]","[[-1.1642335941250002]
 [1.8475488716887816]]",[[1.19346756675]],1453.38417497147
1.75725,"[[1.4967543125]
 [0.84211375]]","[[1.4990546875]
 [0.8612075625]]","[[-0.002300375]
 [-0.019093812499999998]]","[[3.7181076640587505]
 [2.367475488716888]]","[[-0.22349999999999998]
 [0.84211375]]","[[-1.2131390444062502]
 [1.8282588462881253]]",[[1.1627313031250002]],1452.75103209923
1.76375,"[[1.5051495625]
 [0.8369505625]]","[[1.5075046875]
 [0.8561170625]]","[[-0.002355125]
 [-0.0191665]]","[[3.7058686095559374]
 [2.3857825884628814]]","[[-0.23349999999999999]
 [0.8369505625]]","[[-1.2557623870625003]
 [1.8003378341228011]]",[[1.131462179484375]],1453.15919959024
1.77025,"[[1.513492125]
 [0.8315800624999999]]","[[1.5159523124999998]
 [0.8507960625]]","[[-0.0024601874999999997]
 [-0.019216]]","[[3.6931923761293755]
 [2.403753378341228]]","[[-0.23324999999999999]
 [0.8315800624999999]]","[[-1.2609766882031253]
 [1.7981387704772425]]",[[1.137460012734375]],1452.87884099983
1.7765,"[[1.5217818125]
 [0.8263753125]]","[[1.5243999375]
 [0.8454750624999999]]","[[-0.002618125]
 [-0.01909975]]","[[3.6806402331179684]
 [2.4217313877047726]]","[[-0.24325]
 [0.8263753125]]","[[-1.3090379405468753]
 [1.778731231499883]]",[[1.105931975546875]],1453.31212712822
1.78275,"[[1.530018375]
 [0.8209614375]]","[[1.5328472499999999]
 [0.840094]]","[[-0.002828875]
 [-0.0191325625]]","[[3.6676596205945313]
 [2.439537312314999]]","[[-0.24925]
 [0.8209614375]]","[[-1.3282892822031251]
 [1.7499014699900628]]",[[1.08854873928125]],1453.45464637354
1.7890000000000001,"[[1.5382004999999999]
 [0.8154826875]]","[[1.5410424999999999]
 [0.8345425]]","[[-0.002842]
 [-0.0190598125]]","[[3.654467107177969]
 [2.4569990146999006]]","[[-0.25525]
 [0.8154826875]]","[[-1.3541304920781252]
 [1.7303849468465629]]",[[1.0708298381875]],1452.7468062561
1.795,"[[1.5463274999999999]
 [0.809937]]","[[1.5492377499999999]
 [0.8289909999999999]]","[[-0.00291025]
 [-0.019053999999999998]]","[[3.6409586950792194]
 [2.4743038494684653]]","[[-0.26125]
 [0.809937]]","[[-1.3872672171875002]
 [1.7202369890075628]]",[[1.0527753722500002]],1453.55072300642
1.80125,"[[1.5543986875]
 [0.8043223749999999]]","[[1.5574326875]
 [0.8233794375]]","[[-0.003034]
 [-0.0190570625]]","[[3.627127327828125]
 [2.4914523698900757]]","[[-0.26525]
 [0.8043223749999999]]","[[-1.4121478139843753]
 [1.7127272323443519]]",[[1.0418411348125]],1453.49627960575
1.807,"[[1.56241375]
 [0.798710625]]","[[1.5656279375]
 [0.8178279374999999]]","[[-0.0032141875]
 [-0.0191173125]]","[[3.613128521860156]
 [2.5086272723234435]]","[[-0.27749999999999997]
 [0.798710625]]","[[-1.4658176282812503]
 [1.6874833109614455]]",[[1.00108840546875]],1453.08498621053
1.813,"[[1.57037125]
 [0.7928065624999999]]","[[1.5738201875]
 [0.8119258125]]","[[-0.0034489374999999997]
 [-0.01911925]]","[[3.5985918237171877]
 [2.5256248331096147]]","[[-0.27325]
 [0.7928065624999999]]","[[-1.4489440232187503]
 [1.6814805828481643]]",[[1.0189428485937502]],1453.47742564498
1.81875,"[[1.5782711875]
 [0.7871961249999999]]","[[1.5817630624999999]
 [0.8061438125]]","[[-0.0034918749999999998]
 [-0.018947687499999998]]","[[3.5840105597678127]
 [2.542314805828482]]","[[-0.2855]
 [0.7871961249999999]]","[[-1.4979997283750002]
 [1.652043440559344]]",[[0.97801734878125]],1453.11238871439
1.8245,"[[1.5861135]
 [0.7812916249999999]]","[[1.589705625]
 [0.8003017499999999]]","[[-0.003592125]
 [-0.019010125]]","[[3.5690200027162504]
 [2.5587704344055937]]","[[-0.2875]
 [0.7812916249999999]]","[[-1.4944395367187502]
 [1.6243750186525316]]",[[0.9730424454687501]],1452.5653666626
1.83,"[[1.593897125]
 [0.77545475]]","[[1.5976458125]
 [0.7942291874999999]]","[[-0.0037486875]
 [-0.018774437499999998]]","[[3.5540556046328122]
 [2.574993750186525]]","[[-0.304]
 [0.77545475]]","[[-1.5599341050000002]
 [1.5915541368005783]]",[[0.9163799812500001]],1452.50988714596
1.8355000000000001,"[[1.6016201875]
 [0.7691724999999999]]","[[1.6055856874999999]
 [0.7880965624999999]]","[[-0.003965499999999999]
 [-0.018924062499999998]]","[[3.53840065895]
 [2.5909155413680063]]","[[-0.304]
 [0.7691724999999999]]","[[-1.5566879740000004]
 [1.5753750793743753]]",[[0.9172219475000001]],1453.3548590576
1.841,"[[1.6092810625]
 [0.763023]]","[[1.6132735]
 [0.7817934999999999]]","[[-0.0039924374999999995]
 [-0.0187705]]","[[3.52293312026]
 [2.6067537507937444]]","[[-0.31024999999999997]
 [0.763023]]","[[-1.5728804942656254]
 [1.5472251817220628]]",[[0.89599945525]],1453.48942515095
1.8465,"[[1.6168799999999999]
 [0.756785125]]","[[1.6209613125]
 [0.7754904375]]","[[-0.0040813125]
 [-0.018705312499999998]]","[[3.5072711950573443]
 [2.6222222518172202]]","[[-0.3165]
 [0.756785125]]","[[-1.6002204393750004]
 [1.5304198343127737]]",[[0.8744351690312501]],1453.32219578429
1.85175,"[[1.624416125]
 [0.75045725]]","[[1.628649125]
 [0.769187375]]","[[-0.004233]
 [-0.018730125]]","[[3.4912477956062498]
 [2.637554198343128]]","[[-0.32275]
 [0.75045725]]","[[-1.6396238387343753]
 [1.5248810558324222]]",[[0.852530059375]],1452.74415806729
1.857,"[[1.6318884999999999]
 [0.7440378125]]","[[1.636336625]
 [0.76282425]]","[[-0.004448125]
 [-0.0187864375]]","[[3.4748537616126565]
 [2.6527488105583243]]","[[-0.327]
 [0.7440378125]]","[[-1.6469629271250004]
 [1.498866265887598]]",[[0.837503057109375]],1452.94310613676
1.862,"[[1.6392965625]
 [0.7375966875]]","[[1.6437720624999999]
 [0.7562906875]]","[[-0.0044754999999999994]
 [-0.018694]]","[[3.45828037072875]
 [2.667738662658876]]","[[-0.33125]
 [0.7375966875]]","[[-1.6585982933593753]
 [1.4771885740396877]]",[[0.8221782505781251]],1453.22538842399
1.867,"[[1.646640125]
 [0.7311313749999999]]","[[1.6512071874999998]
 [0.7496970625]]","[[-0.0045670625]
 [-0.0185656875]]","[[3.4416640170664063]
 [2.6825218857403965]]","[[-0.34375]
 [0.7311313749999999]]","[[-1.7089588828125004]
 [1.4538372834259221]]",[[0.7781583509375001]],1453.44889086342
1.872,"[[1.6539174374999999]
 [0.7243583124999999]]","[[1.6586423124999998]
 [0.7431034375]]","[[-0.004724875]
 [-0.018745124999999998]]","[[3.4246604111718746]
 [2.697038372834259]]","[[-0.344]
 [0.7243583124999999]]","[[-1.7095080215000003]
 [1.439784924827719]]",[[0.7754803688125]],1453.30268389627
1.8767500000000001,"[[1.6611275625]
 [0.7176928124999999]]","[[1.6660750624999998]
 [0.7362793125]]","[[-0.0049475]
 [-0.0185865]]","[[3.4076549197849997]
 [2.7113978492482773]]","[[-0.3545]
 [0.7176928124999999]]","[[-1.7485210660937502]
 [1.4158737105065629]]",[[0.73797668609375]],1453.17515620282
1.8815,"[[1.668269875]
 [0.710788]]","[[1.6732578125]
 [0.7294551874999999]]","[[-0.0049879375]
 [-0.018667187499999998]]","[[3.3902647893390627]
 [2.7256587371050656]]","[[-0.35475]
 [0.710788]]","[[-1.7613061903593754]
 [1.4115102645865003]]",[[0.7347392035]],1452.58843841136
1.88625,"[[1.675343625]
 [0.7039878749999999]]","[[1.6804405624999998]
 [0.7226310625]]","[[-0.0050969375]
 [-0.0186431875]]","[[3.3726369380964063]
 [2.739865102645865]]","[[-0.357]
 [0.7039878749999999]]","[[-1.7734664902500004]
 [1.3987866842661096]]",[[0.72467903053125]],1453.47945502295
1.89075,"[[1.6823495625]
 [0.6972228125]]","[[1.6876233125]
 [0.7158069375]]","[[-0.00527375]
 [-0.018584125]]","[[3.3550153350975]
 [2.753737866842661]]","[[-0.3655]
 [0.6972228125]]","[[-1.7835640216875004]
 [1.3608302472352347]]",[[0.6937248199218751]],1452.2431602786
1.89525,"[[1.689287]
 [0.6902851875]]","[[1.6945536875]
 [0.7087523124999999]]","[[-0.0052666875]
 [-0.018467124999999997]]","[[3.3371643597831246]
 [2.7673583024723527]]","[[-0.372]
 [0.6902851875]]","[[-1.7998154917500002]
 [1.3358091771591565]]",[[0.6687346851093751]],1453.50271883837
1.89975,"[[1.6961545]
 [0.6832375625]]","[[1.7014840624999998]
 [0.7016976875]]","[[-0.0053295625]
 [-0.018460125]]","[[3.3192518450825004]
 [2.7806080917715916]]","[[-0.3785]
 [0.6832375625]]","[[-1.8328119457187504]
 [1.3232887889354144]]",[[0.6434059175312501]],1452.35013154996
1.9040000000000001,"[[1.7029509374999998]
 [0.6760786875]]","[[1.7084144374999999]
 [0.6946430625]]","[[-0.0054635]
 [-0.018564374999999998]]","[[3.3009218805428127]
 [2.7937328878893544]]","[[-0.383]
 [0.6760786875]]","[[-1.8738482777500003]
 [1.3230129749392503]]",[[0.6245118332031251]],1453.4168899725
1.90825,"[[1.7096755625]
 [0.6688744999999999]]","[[1.7153444999999998]
 [0.687528375]]","[[-0.0056689374999999995]
 [-0.018653875]]","[[3.2822615172225]
 [2.806980129749393]]","[[-0.38749999999999996]
 [0.6688744999999999]]","[[-1.8831124617187502]
 [1.300110386768594]]",[[0.6056588465]],1453.54205166185
1.9125,"[[1.7163279375]
 [0.6616263124999999]]","[[1.7220225]
 [0.68024325]]","[[-0.0056945625]
 [-0.0186169375]]","[[3.263418875382812]
 [2.8200011038676855]]","[[-0.38775]
 [0.6616263124999999]]","[[-1.8803805142031254]
 [1.2833281497764573]]",[[0.60036407625]],1453.43820139239
1.9165,"[[1.7229083125]
 [0.65446925]]","[[1.7287005]
 [0.672958125]]","[[-0.0057921875]
 [-0.018488875]]","[[3.244696194857969]
 [2.832833281497764]]","[[-0.39849999999999997]
 [0.65446925]]","[[-1.9186230812500003]
 [1.2603217426156876]]",[[0.5609148929375001]],1451.90457719756
1.9205,"[[1.729415875]
 [0.6470633124999999]]","[[1.7353781874999998]
 [0.6656129375]]","[[-0.0059623125]
 [-0.018549625]]","[[3.2255637691875]
 [2.845353217426157]]","[[-0.40099999999999997]
 [0.6470633124999999]]","[[-1.9136592425625003]
 [1.235087233799418]]",[[0.547631389890625]],1453.47886260346
1.92425,"[[1.7358494375]
 [0.6396725]]","[[1.7420535]
 [0.65803725]]","[[-0.0062040624999999995]
 [-0.01836475]]","[[3.206363407574375]
 [2.8576008723379944]]","[[-0.40549999999999997]
 [0.6396725]]","[[-1.9171352424062504]
 [1.2096227764356253]]",[[0.5277297937500001]],1453.2323099105
1.928,"[[1.7422088125]
 [0.632231]]","[[1.7484788125]
 [0.6504615625]]","[[-0.0062699999999999995]
 [-0.0182305625]]","[[3.187078647575938]
 [2.8695962277643563]]","[[-0.41425]
 [0.632231]]","[[-1.9418501061250004]
 [1.1853842456408128]]",[[0.4939721045]],1452.96787816904
1.93175,"[[1.748492875]
 [0.624602625]]","[[1.754904125]
 [0.6428858749999999]]","[[-0.006411249999999999]
 [-0.01828325]]","[[3.16758149893875]
 [2.8813538424564076]]","[[-0.41475]
 [0.624602625]]","[[-1.9578556557656253]
 [1.179311435509219]]",[[0.48591568828125004]],1453.2116025784
1.9352500000000001,"[[1.7547009999999998]
 [0.6170455625]]","[[1.7613294375]
 [0.6353101875]]","[[-0.0066284375]
 [-0.018264625]]","[[3.147921443442343]
 [2.893043114355092]]","[[-0.4235]
 [0.6170455625]]","[[-1.9696751280937503]
 [1.1478587376831917]]",[[0.45193481231250004]],1453.45911043745
1.93875,"[[1.760832625]
 [0.6093016875]]","[[1.7675023749999998]
 [0.627504]]","[[-0.0066697499999999995]
 [-0.018202312499999998]]","[[3.128303248719063]
 [2.904478587376832]]","[[-0.424]
 [0.6093016875]]","[[-1.9645864570000005]
 [1.12919158927459]]",[[0.44333875134375]],1453.0242134754
1.94225,"[[1.766887125]
 [0.6016260625]]","[[1.7736753125]
 [0.6196978125]]","[[-0.0067881875]
 [-0.018071749999999998]]","[[3.10860413543]
 [2.915791915892746]]","[[-0.43274999999999997]
 [0.6016260625]]","[[-1.9905800026875005]
 [1.106876066779711]]",[[0.408987816734375]],1452.31443407914
1.9455,"[[1.7728639375]
 [0.5937623125]]","[[1.77984825]
 [0.6118916249999999]]","[[-0.0069843125]
 [-0.018129312499999998]]","[[3.0885941999731252]
 [2.926818760667797]]","[[-0.43124999999999997]
 [0.5937623125]]","[[-1.9992150023437503]
 [1.1009639511359455]]",[[0.40587822310937505]],1453.52838730266
1.94875,"[[1.7787627499999998]
 [0.5860234999999999]]","[[1.7857711875]
 [0.6040854375]]","[[-0.0070084375]
 [-0.0180619375]]","[[3.068507849976563]
 [2.9377596395113597]]","[[-0.438]
 [0.5860234999999999]]","[[-1.9858085336250004]
 [1.062692853938344]]",[[0.37758753712500004]],1453.54974822157
1.95175,"[[1.7845834999999999]
 [0.5781578125]]","[[1.79169175]
 [0.59604875]]","[[-0.00710825]
 [-0.0178909375]]","[[3.0486419146637505]
 [2.9483769285393833]]","[[-0.44475]
 [0.5781578125]]","[[-1.9943114805000004]
 [1.036937563740137]]",[[0.34876674765625004]],1453.01336950295
1.95475,"[[1.7903249374999999]
 [0.5701625625]]","[[1.797612]
 [0.5879519999999999]]","[[-0.007287062499999999]
 [-0.017789437499999998]]","[[3.0288068851950003]
 [2.9588693756374016]]","[[-0.44949999999999996]
 [0.5701625625]]","[[-2.0059569890312505]
 [1.0176998706963634]]",[[0.325545356796875]],1452.85872699883
1.95775,"[[1.795986125]
 [0.5620956874999999]]","[[1.8032825625]
 [0.5799153125]]","[[-0.0072964375]
 [-0.017819625]]","[[3.008690430109688]
 [2.9689269987069635]]","[[-0.45225]
 [0.5620956874999999]]","[[-2.0235333237187505]
 [1.0059381409664963]]",[[0.3081549086875]],1453.53680962032
1.9605000000000001,"[[1.8015665625]
 [0.554016375]]","[[1.808953125]
 [0.571878625]]","[[-0.0073865625]
 [-0.01786225]]","[[2.988514666762813]
 [2.9790593814096646]]","[[-0.45699999999999996]
 [0.554016375]]","[[-2.0558691686250006]
 [0.9968535056375158]]",[[0.28467028112500004]],1452.36202314512
1.96325,"[[1.8070658124999999]
 [0.5458645624999999]]","[[1.8146233749999998]
 [0.563781875]]","[[-0.0075575625]
 [-0.017917312499999997]]","[[2.9679413083137502]
 [2.988968535056375]]","[[-0.45975]
 [0.5458645624999999]]","[[-2.0459735307187503]
 [0.9716108774581017]]",[[0.2670511773125]],1452.6665915648
1.966,"[[1.8124835]
 [0.5376996875]]","[[1.8200415625]
 [0.5555146875]]","[[-0.0075580625]
 [-0.017814999999999998]]","[[2.947540264692812]
 [2.998716108774581]]","[[-0.46449999999999997]
 [0.5376996875]]","[[-2.0505600136562503]
 [0.9494138513576955]]",[[0.243313187890625]],1453.08997217872
1.9685000000000001,"[[1.8178191874999998]
 [0.5294615]]","[[1.8254597499999998]
 [0.5472475]]","[[-0.0076405625]
 [-0.017786]]","[[2.9269943998634376]
 [3.0082441385135774]]","[[-0.46725]
 [0.5294615]]","[[-2.0619437327343753]
 [0.9345250940173752]]",[[0.225111807375]],1453.52457280163
1.971,"[[1.823072375]
 [0.5212061875]]","[[1.8308776249999998]
 [0.53892025]]","[[-0.00780525]
 [-0.0177140625]]","[[2.9063805626726564]
 [3.017595250940173]]","[[-0.47]
 [0.5212061875]]","[[-2.0701317731250004]
 [0.9182031420999143]]",[[0.20668467078125002]],1453.06636785247
1.97325,"[[1.8282429375]
 [0.5129319375]]","[[1.8362954999999999]
 [0.530593]]","[[-0.008052562499999999]
 [-0.017661062499999998]]","[[2.88579868226875]
 [3.0266820314209992]]","[[-0.479]
 [0.5129319375]]","[[-2.0721191527500005]
 [0.8874983369568868]]",[[0.170242491828125]],1453.10970035323
1.9755,"[[1.8333297499999999]
 [0.5044606875]]","[[1.841461]
 [0.52203525]]","[[-0.00813125]
 [-0.017574562499999998]]","[[2.8650288084725]
 [3.035624983369569]]","[[-0.47974999999999995]
 [0.5044606875]]","[[-2.0647205843125005]
 [0.868364660207215]]",[[0.15680666690625]],1451.99981021583
1.9777500000000001,"[[1.8383320625]
 [0.4960241875]]","[[1.8466265]
 [0.5134775]]","[[-0.0082944375]
 [-0.0174533125]]","[[2.844352794156875]
 [3.0441836466020717]]","[[-0.4805]
 [0.4960241875]]","[[-2.0555490888750003]
 [0.8487224960369923]]",[[0.143359507796875]],1453.24645039084
1.9797500000000001,"[[1.843250125]
 [0.487621625]]","[[1.8517919999999999]
 [0.50491975]]","[[-0.008541874999999999]
 [-0.017298124999999998]]","[[2.82369450911125]
 [3.05273722496037]]","[[-0.4875]
 [0.487621625]]","[[-2.0692241882812503]
 [0.827835659431422]]",[[0.11200879071875]],1453.02088499362
1.9817500000000001,"[[1.8480834375]
 [0.479075]]","[[1.8567075]
 [0.49636199999999997]]","[[-0.0086240625]
 [-0.017287]]","[[2.8030577581171876]
 [3.0610283565943144]]","[[-0.48824999999999996]
 [0.479075]]","[[-2.0350725058125003]
 [0.7986727892609377]]",[[0.09788382500000001]],1452.74705518884
1.9835,"[[1.8528314375]
 [0.4705578125]]","[[1.8616206249999998]
 [0.48757375]]","[[-0.0087891875]
 [-0.017015937499999998]]","[[2.7826492749418748]
 [3.068986727892609]]","[[-0.49524999999999997]
 [0.4705578125]]","[[-2.0234890142031254]
 [0.768982636201172]]",[[0.0659849890625]],1453.44111941436
1.98525,"[[1.8574935625]
 [0.4618934375]]","[[1.86628375]
 [0.4787855]]","[[-0.0087901875]
 [-0.0168920625]]","[[2.762515109857969]
 [3.0766898263620113]]","[[-0.50225]
 [0.4618934375]]","[[-2.0304318864375004]
 [0.7468565441134962]]",[[0.033665008828125]],1453.22245246112
1.987,"[[1.8620683125]
 [0.45308062499999996]]","[[1.870946875]
 [0.46999725]]","[[-0.0088785625]
 [-0.016916624999999998]]","[[2.7421956811356254]
 [3.084218565441135]]","[[-0.499]
 [0.45308062499999996]]","[[-2.0261530418125004]
 [0.7358246828700001]]",[[0.029031167656250002]],1453.48008619556
